warning: Nix search path entry '/nix/var/nix/profiles/per-user/root/channels' does not exist, ignoring
evaluation warning: `boot.zfs.forceImportRoot` is using the default value of `true`. It is highly recommended to set it to `false`, the new default from 26.11 on, to reduce the risk of data loss. Alternatively, you can silence this warning by explicitly setting it to `true`.
these 294 derivations will be built:
  /nix/store/kfv5lpmyl4mg24arybfwa1yjaqclypwf-getty.drv
  /nix/store/014ag706aq2y5d6fs39274nsfznvrlg2-getty.drv
  /nix/store/04havnianaq6k2zf08cv4i7y45fr1hl0-groupadd.pam.drv
  /nix/store/05ivygx1zw0py2zmncjj6vh1kn1rwmc6-unit-script-resolvconf-start.drv
  /nix/store/p5kdashlwj6z6bfdpgsy10hs63f0nha2-initrd-fstab.drv
  /nix/store/070hql0ra9hqlk6q0vbxh5rqf9af70xf-unit-initrd-parse-etc.service.drv
  /nix/store/0dhjr6y1llrzjsrzl5jbyk0fz46mpwm9-unit-system.slice.drv
  /nix/store/0g2qv0rgh6mkvx71pdyx5icbs86f8s71-issue.drv
  /nix/store/cfzsmgy91crwl1dimzh732wjw8bkgckq-unit-script-expand-root-partition-start.drv
  /nix/store/0xj2qfcbycr94vxh403pbfj4gqh2ib20-unit-expand-root-partition.service.drv
  /nix/store/12w7p6dwraib6hgvp3ys1hhi7vjjnqzp-unit-script-br-lan-netdev-start.drv
  /nix/store/y0mb65g5qmvrhy1y4l33i161bk482bcb-extlinux-conf-builder.sh.drv
  /nix/store/2nm4f9l0y07dk8rbf57smnqnkjn1arpy-install-extlinux-conf.sh.drv
  /nix/store/n20mp24r97vqhq768xszs3jjsi39s6wp-builder.pl.drv
  /nix/store/1ij96xwc3hiif5vpdpx7asl6yh59aj4l-console-env.drv
  /nix/store/1rm71gc34i4sjdrkj2yim44z9drkgfyx-unit-40-eth0.link.drv
  /nix/store/25mwhm68rzyi60wimhdi2x0vi3iyvhxd-etc-nsswitch.conf.drv
  /nix/store/28h0fiybw7sz706yzhardwgky92sjkj8-etc-shells.drv
  /nix/store/dkcinwfgwahbaypf77lf25g40fp6ayxc-lessconfig.drv
  /nix/store/k490zamz7jmn6pk592znpdxzx3xm1f6j-set-environment.drv
  /nix/store/2a4r6j6nnn0rmsj93vq09n2jxmxv8bna-etc-profile.drv
  /nix/store/2rq05xb2mw5jaiw3qss8lyh02pxmsj0n-etc-systemd-sleep.conf.drv
  /nix/store/2zs2nirvk25k8kdh4gmqhnbv9987phpy-groupdel.pam.drv
  /nix/store/3i1ikvmixdz91bvvaikzj22n54i793g8-login.pam.drv
  /nix/store/403sbiagicvq9z1g91a146mwfr63q5fb-nix.conf.drv
  /nix/store/ckqsmgbfbw9myqi86fjl1f8agkflirli-nixos-tmpfiles.d.drv
  /nix/store/yb26vd6ncqgw44myzi5cyx563ywi5qb5-ssh-root-provision.conf.drv
  /nix/store/480is2c5g48fcq1vnkh53qr4f7ikjd9v-tmpfiles.d.drv
  /nix/store/bmp5adi2p9s5hb30m7ai6a41dajzxdm2-extra-hosts.drv
  /nix/store/pr4rdbrnjmr5gkplr0i4lmyspqj5rpzf-localhost-hosts.drv
  /nix/store/rcbl5dzx2zj7ycr6h6mirdlpqbn5cv5d-string-hosts.drv
  /nix/store/49dbspplysj8gfyj2y79ljbkddbani47-hosts.drv
  /nix/store/4gd6y37ga522hgq9sicpm84x44dzmqnw-etc-nix-registry.json.drv
  /nix/store/4y70xzl2nq88qmw5m1laz4wbaa983yiw-etc-environment.d-50-systemd-path.conf.drv
  /nix/store/5jjjx78q20jisl9vh97v5ql1q54ym2sp-etc-zfs-zed.d-zed.rc.drv
  /nix/store/6imgiyhsws60jadxk1p92187kgkw6vmn-etc-systemd-oomd.conf.drv
  /nix/store/7kv4vx4xdb3l0zh1vh5qmz8nr9rqm2xi-passwd.pam.drv
  /nix/store/7qdannwc7501597a1qsqk446zdyflm24-etc-systemd-coredump.conf.drv
  /nix/store/7vy8ha7qb7kh2xwrx1wgjbspwhr5qwq4-etc-systemd-system-preset-00-nixos.preset.drv
  /nix/store/81cxx8dgaph6q6v2mc9vg9pcpl9izanj-fontconfig-etc.drv
  /nix/store/89ib7dbkqf4p8fzhn4w16wq4bpw5hmvr-etc-fstab.drv
  /nix/store/8a314zg08zq97ii7m33ciwn01v0hrm5d-etc-systemd-user.conf.drv
  /nix/store/8i9lf52kifr5hzp8idld27xk2j4grlcw-etc-systemd-timesyncd.conf.drv
  /nix/store/8razw5k5bf3iwk4pb00yidsmq4adngp4-vconsole.conf.drv
  /nix/store/8rkhfq0al5kic526hzxr1pws6sm33qhr-etc-systemd-journald.conf.drv
  /nix/store/2ghf6ald0j014y20bp7za64bqwgby3sh-unit-nixos-fake-graphical-session.target.drv
  /nix/store/3j22p88632579ckmw47a7jrcpsnq5v3b-unit-dbus.socket.drv
  /nix/store/3mn6rrc60988m7rqj59nszi6lkx17lbr-unit-systemd-tmpfiles-clean.timer.drv
  /nix/store/pfrnhkmz8gbcqj23hsas7rjiy06qq40j-unit-script-nixos-activation-start.drv
  /nix/store/8cnmliwqswfm4pi8g9ly4z81hvhfmnbp-unit-nixos-activation.service.drv
  /nix/store/8vz1vjs6aszbqwwhmwc4r106812p8nkd-unit-systemd-tmpfiles-setup.service.drv
  /nix/store/xcmgf8p80wwpdsjw47ba0cpzqh9mwiy6-nixos-enter.drv
  /nix/store/30qmag8akklixvp0cw2ziabj4pjkj90b-nixos-install.drv
  /nix/store/31vfm04inanmlkhjw9vhrjjhkylr6isp-nixos-version.drv
  /nix/store/jg18x3zw0lywrfxbn5hf7v7mqgizs85j-perl-5.42.0-env.drv
  /nix/store/4x63pim6z2kbnvg9f4chlymr1ry48s2d-nixos-generate-config.drv
  /nix/store/ka4klqjd8f56g4mxj4w96mqrpm76h6q4-nixos-build-vms.drv
  /nix/store/n2p02gjiqfhl4sy08ay55klv7jbz845l-perl-5.42.0-env.drv
  /nix/store/x6d7jkgd2ism2cs1b76karadfbm52dy9-command-not-found.drv
  /nix/store/byqd0ycxn85mqjd3123k2k0p9bakq3s4-system-path.drv
  /nix/store/b1n64wgjzy5ka7pccbbz1asz27n10vc0-dbus-1.drv
  /nix/store/d94q05fvjm4xqbhjxil2iaqhrhvrmy67-X-Restart-Triggers-dbus-broker.drv
  /nix/store/mw9r24c1das8j3s1dalf0r0ia7k4dz2d-unit-dbus-broker.service.drv
  /nix/store/xlhrxhscisvq4lbga2xvg3cgq1jm4d4z-unit-dbus.service.drv
  /nix/store/9vy8y536nsnzs667jbrnqmjn5v80p0vf-user-units.drv
  /nix/store/9zc1ksp4kfkf6b4y60ch83pccknvwdij-etc-netgroup.drv
  /nix/store/a2xji97dx41slc4r8nbrbj3bpn5r580f-sshd.pam.drv
  /nix/store/xyrvzrf61d42jkdb0x1c94rmc1v7ncx3-firmware.drv
  /nix/store/a9cbp2qjj1qwij0xblzqgkj19hl7k6dh-etc-modprobe.d-firmware.conf.drv
  /nix/store/ahvrhaii762avj35jpnll8iq4dgjabpl-userdel.pam.drv
  /nix/store/a9h8ryymcrab4d4xvy3zf0q59xkhfxb4-systemd.drv
  /nix/store/ahxny6wzjh1pif7qyklpq3g6zxpnd7kh-50-coredump.conf.drv
  /nix/store/ari8y7b77j8rg06m7lbfk5wr18y0ci59-other.pam.drv
  /nix/store/b5wgz0bxx8x7g65vszpl0ciwvvram80b-etc-lvm-lvm.conf.drv
  /nix/store/b9cn3jsmvihy36yqrjjyj9cy2zv61hj0-sudo.pam.drv
  /nix/store/cnvzd2n87y6kpby7p7kg4531784x8zfm-etc-ssh-ssh_config.drv
  /nix/store/cvz996fdnmzg6amglna69k3gasnk575j-unit-40-br-lan.link.drv
  /nix/store/f4jhr24ycvr5nq7drx377hky464cm24j-etc-os-release.drv
  /nix/store/fb50gnicazv3f6533s3n4pw3q5p99w39-su.pam.drv
  /nix/store/gg511w79n4fdd8pg0g32wr3176wyb3ik-runuser-l.pam.drv
  /nix/store/h39qalv7vscrv4y57wnjsdgr52g1jnk8-login.defs.drv
  /nix/store/hqinkgcwq6psv2a1wnm2zk6gkadlh9q7-useradd.drv
  /nix/store/hyd7srksfpd90jsz9gspwl2sk0my79q6-system-generators.drv
  /nix/store/i2amzzp2j6m5km47g7ka4vdfa9yhb9m4-etc-gai.conf.drv
  /nix/store/ifg131vfgri4szgxdvmamzg6ci1y2c2i-runuser.pam.drv
  /nix/store/ija59jhlwk9ixvrhzm7qi5zl8dq67gxs-locale.conf.drv
  /nix/store/is0j0fm1mjk5n237kd5z10vjz9dx5zv9-groupmems.pam.drv
  /nix/store/1rq1gh3vlq3ygfhc5fzh23bzvf994zim-unit-zpool-trim.service.drv
  /nix/store/1sj01w8d3099snwm7rllq0n700m0lvks-unit--.slice.drv
  /nix/store/1vc2xs6lcgcgv75axkdkbh3b2njn708z-unit-systemd-random-seed.service.drv
  /nix/store/if6js7wcz90ijiiiwr2m92n96q1ld5z4-unit-script-network-addresses-eth1-pre-stop.drv
  /nix/store/rfmkhi16rdha5qm7r9981cwmcyd3aqwa-unit-script-network-addresses-eth1-start.drv
  /nix/store/257b6s07l6fvmi5d7xknwdcxbyppw2lm-unit-network-addresses-eth1.service.drv
  /nix/store/1nzlq6vvz6js73qgk9syic0wmr09bnzc-unit-script-register-nix-paths-start.drv
  /nix/store/27d7nkxgp7sghppbv61pky0z806364hf-unit-register-nix-paths.service.drv
  /nix/store/4bg8zlwcvsl05q601jqfwc8khw58rhhc-unit-script-post-boot-start.drv
  /nix/store/dyicckxglxlzdr3321yd2zxf6vf1grfw-unit-script-post-boot-pre-stop.drv
  /nix/store/2nm21r45id6xx6qaxm7miy9jvzb1vrlh-unit-post-boot.service.drv
  /nix/store/ys7skcxvqj5fscbf0g65f7kl6h4vakl9-etc-sysctl.d-60-nixos.conf.drv
  /nix/store/kxsavsx34mvzym8c3bvm6h9ci33d2yxl-X-Restart-Triggers-systemd-sysctl.drv
  /nix/store/2rml6lxsaaw9yf134l02jbm8n5wkvc6j-unit-systemd-sysctl.service.drv
  /nix/store/31xq5mbg2nsbapzcrnj5pv5kd0q1dqdd-unit-logrotate.timer.drv
  /nix/store/sckn046593n0yjs6bry8hvn22a272dzr-X-Restart-Triggers-systemd-timesyncd.drv
  /nix/store/33389q4w8znxlabfylhbqjmzcayvcq5k-unit-systemd-timesyncd.service.drv
  /nix/store/4c648gh0dbpc6jr5a73sd51sp38c20s2-udev-path.drv
  /nix/store/dxv6499wsx4wsjilkbw0dz31x96ciav7-extra-udev-rules.drv
  /nix/store/ka8afzgmbmhqsk3mvkyd9kibkjm1rb8x-ipv6-privacy-extensions.rules.drv
  /nix/store/mmaqr9h9ksm3wb3h3fghyv96yvr65j1h-ipv6-privacy-extensions.rules.drv
  /nix/store/q13k3nf11cp3bmnm7dy6bbp6ran58203-extra-hwdb-file.drv
  /nix/store/qqs8dvl23j9c9rf1bkf5ph3nfmhiq6ky-udev-rules.drv
  /nix/store/xq4wgcx7r7zrhdaniarjp47hpbwbg62c-X-Restart-Triggers-systemd-udevd.drv
  /nix/store/33hqwpp9hjz59ddkxfk4lk10rymvhgz0-unit-systemd-udevd.service.drv
  /nix/store/3bfd4mxzjszc6sya7y8mrd2x6y9fm6fx-unit-zfs-share.service.drv
  /nix/store/biaz4wdj0ybqswm7nzs2apa87ynp803y-X-Restart-Triggers-systemd-journald.drv
  /nix/store/3g0d3xgm9k1rm6xnkxvgfz1ka4ksxd33-unit-systemd-journald.service.drv
  /nix/store/50f3myawgipzzp7qj87y3q98pzx4pr07-unit-systemd-journald-audit.socket.drv
  /nix/store/5n08f8aa377pq7s1hqhqhakzm7amdi6k-unit-keys.target.drv
  /nix/store/5nfzzzm00imxrxn5psyp6mpqrwh01158-unit-systemd-pstore.service.drv
  /nix/store/l6myp9kp0jkdafnyry9ffzwrydl7lgvz-X-Restart-Triggers-sshd.drv
  /nix/store/640bz49xvb1hg5ccac92cldimpb8fsg1-unit-sshd.service.drv
  /nix/store/c3nmq64fwfpifn2bfh0bc5aps958ax4v-unit-script-network-addresses-br-lan-pre-stop.drv
  /nix/store/r3281pnifrizcqydzmh399rp9m2yp04l-unit-script-network-addresses-br-lan-start.drv
  /nix/store/74rkw85zrh1cg3vggazdj7dlqk1x8slk-unit-network-addresses-br-lan.service.drv
  /nix/store/8b6gqaw1w77pi4xv86yd777kxw5zfyd0-unit-local-fs.target.drv
  /nix/store/8bz7yfc6bmbbzsv7rkh6vv2ajrmv3nv2-unit-modprobe-.service.drv
  /nix/store/90yig14x94g6npci9x054mzilpkqw928-unit-run-initramfs.mount.drv
  /nix/store/9y7wbmz2vjhpxvs5915p3jhilbqnlkb1-unit-zfs.target.drv
  /nix/store/547dfzj22wbskyns5fvnhg34q8nbkc3s-unit-script-suid-sgid-wrappers-start.drv
  /nix/store/a3k59yjjsfcpxbicxcj86nqn443b4kf3-unit-suid-sgid-wrappers.service.drv
  /nix/store/jiiv72bixxrdgk5hga7dnzsihafk9pd4-logrotate.conf.drv
  /nix/store/ad3q8dcx47xm3mcwfcbcrqpax1x54n1g-unit-logrotate-checkconf.service.drv
  /nix/store/ahmp7w2d71qawklabj0kzckpm5y9a5hs-unit-network.target.drv
  /nix/store/sazql0mk0hkf745c4k2w0rmymrzm2i3p-X-Restart-Triggers-systemd-journald-.drv
  /nix/store/ajrhlnq9a65z9x2xy38sfxq86n9xbpy4-unit-systemd-journald-.service.drv
  /nix/store/2di265smvn6fipd5zlh7ah03dvr3f0bj-unit-script-sleep-actions-pre-stop.drv
  /nix/store/pjcxpjqfzjwvip21cwnkfrvc5ai2zlk0-unit-script-sleep-actions-start.drv
  /nix/store/apf7v6xz0p8mm633hwg73x93grx3723l-unit-sleep-actions.service.drv
  /nix/store/awg9rn2b1qviwc3l20kkhhg9kswp05qa-unit-systemd-user-sessions.service.drv
  /nix/store/b3gxbwxd7yhp81zy88kkf2mf3l3wz6c3-unit-getty.target.drv
  /nix/store/f1xwq2vih73s0vpi2n8i65d8fayx4mpf-unit-script-network-local-commands-start.drv
  /nix/store/b5kzicvpy49193nh5fnym7jzjs5f0s1l-unit-network-local-commands.service.drv
  /nix/store/bcz5l7qh0920p3ficf7nrzcmf2vyvm10-unit-serial-getty-.service.drv
  /nix/store/bgqczyxbd0wfm32avwipigswq7hc38dz-unit-getty-.service.drv
  /nix/store/pbpy6vd11klxp1m4pz2fwasfg591zhr9-X-Restart-Triggers-nix-daemon.drv
  /nix/store/bvpm8ii09dbbrg7c0911mfay8g0pm2lm-unit-nix-daemon.service.drv
  /nix/store/cavmw28vpgkx3wg9wcm5rrl4nqb881nb-unit-user-.service.drv
  /nix/store/fhpmx2qlc7r7jzyhph7b5xfaqjvfa6bc-unit-systemd-makefs-.service.drv
  /nix/store/d2rckc4xb58g6kqb8z5z1fzdja206p50-firewall-stop.drv
  /nix/store/pqcl0w1mn4ysxpkabmd7ipicv78cai9y-firewall-start.drv
  /nix/store/9j9hi4f6fc9y26sjf7g2ay14fbwdwxmd-firewall-reload.drv
  /nix/store/fz3zlhbl0arq9xggkxkpxxkp62x7sw6g-unit-firewall.service.drv
  /nix/store/g5h4ljmfmpn8s051d7akypjsv5l3ldfp-unit-kmod-static-nodes.service.drv
  /nix/store/gfpjv3plb57rwj9cn3c722lyhsl08njv-unit-user.slice.drv
  /nix/store/h1q7qx5qd466l1j6fdvkvmmbn3il5g6r-unit-remote-fs.target.drv
  /nix/store/h8373kwyj77vgc4y17vwinw58k07whc2-unit-multi-user.target.drv
  /nix/store/hc45y9j03fm0b5y4h20x7phihv8ix7c0-unit-nix-daemon.socket.drv
  /nix/store/hx6zg1a2r8573qr4b1yrhsajla8l8bfk-unit-systemd-remount-fs.service.drv
  /nix/store/x8bqf6wcrhcijsgqy4rya790z1g9f96z-unit-script-network-addresses-eth0-pre-stop.drv
  /nix/store/zy4nmmy6wayyrkanm0ll4axn7ilmz8pb-unit-script-network-addresses-eth0-start.drv
  /nix/store/hzjmzbpj6mzanlwgxdqwm8jddw2wdi0y-unit-network-addresses-eth0.service.drv
  /nix/store/is2dcpq64bmx0sxsk9iyfa4bb8218l42-unit-systemd-hostnamed.service.drv
  /nix/store/nwkqdjzw9ykf4g07vz9mp9kvq8n8khva-etc-resolvconf.conf.drv
  /nix/store/72xjfnkqa30qvyx6ddmmvslq7jccfy7y-X-Restart-Triggers-resolvconf.drv
  /nix/store/j28z1bk7kq4hgz7va25i1c3fbn3g19kf-unit-resolvconf.service.drv
  /nix/store/ja2g7khf5mpwvskckivly7q16n22vajc-unit-user-runtime-dir-.service.drv
  /nix/store/jbpz9zg92b3v6z49dnj2lw740j07rfhb-unit-systemd-importd.service.drv
  /nix/store/jgsn4kyphpxdjaqdcic5da90396v6sa4-unit-fs.target.drv
  /nix/store/ss5syvzf8gqnxp1dwm3ann051bq7r296-unit-script-prepare-kexec-start.drv
  /nix/store/jwap45x8zpylxrmjsn8vciq8wwv9mis5-unit-prepare-kexec.service.drv
  /nix/store/jyzl45i0q310z23kx43yc1g024arjbk6-unit-sshd-.service.drv
  /nix/store/k2601ss68bidm42blz8lnfmy3hy35gx6-unit-container-getty-.service.drv
  /nix/store/k2wfxmgsdsnyl4d494r6963mxkhjbgsj-unit-xfs_scrub_all.service.drv
  /nix/store/k4xqnl15wpc86p517n8xbzy3xxx71nzz-unit-zfs-import.target.drv
  /nix/store/klw5x4j2hg8v3cxshzv2adsvj32xm254-unit-sysinit-reactivation.target.drv
  /nix/store/l98waswnh9cmjxsivyq5xi5w0l3pihha-unit-systemd-mkswap-.service.drv
  /nix/store/lhh3rwcgfcgh22hn2d6k444zn6y7f1l6-unit-systemd-journal-flush.service.drv
  /nix/store/h77m0rl16zfl87skikfhs9xh18l01sa6-unit-script-sshd-keygen-start.drv
  /nix/store/lpac2ig9vpsahslp9kr2691i4lbram14-unit-sshd-keygen.service.drv
  /nix/store/lwhcygzbgd7ipq4cgwxgyhlxc2mqz7xw-unit-zpool-trim.timer.drv
  /nix/store/pv9xrplk9688b03if4bis2zn3z2blx20-X-Restart-Triggers-reload-systemd-vconsole-setup.drv
  /nix/store/m57xfv49skxbrpy39y75iv5n2064vn0k-unit-reload-systemd-vconsole-setup.service.drv
  /nix/store/mskl63may65axzhms39vdzh37j0xl0si-unit-fstrim.timer.drv
  /nix/store/n2a1apccyxxl6lycd1ymx6qn94kqi1v1-unit-systemd-nspawn-.service.drv
  /nix/store/n3ann873v8z0lw13hc6xhd78fwxdyp1g-unit-sshd-vsock.socket.drv
  /nix/store/n7ys6bc9xg428sf2gfzck1mmpriarndi-unit-run-wrappers.mount.drv
  /nix/store/nknzfgb379z8lc35pj9qcx1vx617xkbb-unit-lastlog2-import.service.drv
  /nix/store/nlzvpzybywgi53k1sfx85m47rxxbnvw6-unit-logrotate.service.drv
  /nix/store/95rg4d894cc634f8p4fjsymf1w5s1xf3-unit-script-nix-gc-start.drv
  /nix/store/p1gmansy033jh3pd1pyf3hb8w28lbdkl-unit-nix-gc.service.drv
  /nix/store/p58mqzmrd1pl1fc46vhf2gnnbia5mvpz-unit-systemd-update-utmp.service.drv
  /nix/store/q4l8fl2x7b1k3ifkjkccpamvnh7v3id2-unit-systemd-backlight-.service.drv
  /nix/store/qn1773d6gmqrz8x0sg89pbn83bapabg6-unit-systemd-timedated.service.drv
  /nix/store/qyj80ln1mwl2nmgcad2jp6gzg633ky9z-unit-dbus-broker.service.drv
  /nix/store/90f5fgc4cywqw3b4vfk4rzf0a49ccf08-unit-script-linger-users-start.drv
  /nix/store/sjhmddyaa0zwdbpqffr9z91dbckb3gja-unit-linger-users.service.drv
  /nix/store/v0a20kf77sapajign64gvqh8l7jq0jv1-unit-networking-scripted.target.drv
  /nix/store/vrgdmzr4f5jws1k038gzkzpk7nzs036c-unit-console-getty.service-disabled.drv
  /nix/store/vy9fw2pj4lcv3rfr2f222d18g205azph-unit-sshd-vsock-.service.drv
  /nix/store/wb67kn9qy40np9kdkw0qzq9i71gm950d-unit-zfs-mount.service.drv
  /nix/store/wissr7yipxsn2cfi3v6snvg35n8frk1d-unit-systemd-fsck-.service.drv
  /nix/store/wm3lgc0c47hz15vrn7safjjh9wifraz8-unit-zfs-zed.service.drv
  /nix/store/wv9m9l33rfa6r6nvx8rqhcf80ibbj8rr-unit-systemd-oomd.service.drv
  /nix/store/3lv7jza5rzxxqpp6s0j8nfngrmrk3fnp-zpool-sync-shutdown.drv
  /nix/store/pimi7zq5lmi2fcqnb35jvm3l4ik0fhh4-shutdown-ramfs-contents.json.drv
  /nix/store/x0119dgy7dhija12z34vbvr2vmz188yx-unit-generate-shutdown-ramfs.service.drv
  /nix/store/p4qhpgvdi3k7cwyjnq3jls2i7341675b-unit-script-br-lan-netdev-post-stop.drv
  /nix/store/yigil07nciln6ppdb2i2gb32bq5yqxxy-unit-script-br-lan-netdev-reload.drv
  /nix/store/xav5kl37skpvbz39z56ch3ap69zr854c-unit-br-lan-netdev.service.drv
  /nix/store/5ilicchf3ww5n1cpiw1630zz0zf34n21-X-Restart-Triggers-systemd-tmpfiles-resetup.drv
  /nix/store/xcmpjvw8l7wxfgndflnjlhxsrc3knygx-unit-systemd-tmpfiles-resetup.service.drv
  /nix/store/yldjzl57pzbcg7lb0m59q4xgs8920dal-unit-systemd-localed.service.drv
  /nix/store/ywk62j8p93hr9bw1ydq9fraqwb1v2fp3-unit-nix-optimise.service.drv
  /nix/store/yydmgmzmvmg98sn0h9mp0j5bqgfkypgn-unit-nscd.service.drv
  /nix/store/qidbbwgqmlk2r7n43y2w3pgdnh6y1sq5-nixos.conf.drv
  /nix/store/byywf2hxc6wl7qliz9rxdgyzdrp1gwq0-X-Restart-Triggers-systemd-modules-load.drv
  /nix/store/z2l0cm5yws8mz8l28z9r5cdc7g03kng6-unit-systemd-modules-load.service.drv
  /nix/store/zgfrx13pkp2vcd7p3hiz6crcs2vh5yck-unit-systemd-logind.service.drv
  /nix/store/j05kbnkpg6qpy3x5x9id2pwdpzfggy24-system-units.drv
  /nix/store/j9zsndbc8hjyvi3h0bvpng7qmpkjkb4z-system-shutdown.drv
  /nix/store/ja80f5nhhw2cgbbynjgybwasfyidyk86-chpasswd.pam.drv
  /nix/store/l3gysdm0ahzmm8lgmp8hiwk5nhqpv3f0-etc-nanorc.drv
  /nix/store/l5yvadw2kbr9sjq0k3wc32bmkjrklwdr-etc-host.conf.drv
  /nix/store/ldvakkn1cmp1sdy5n2j608iskqf89q30-etc-systemd-user-preset-00-nixos.preset.drv
  /nix/store/ln4kmcxglikr4g3pq74ly8x1ibky44x5-usermod.pam.drv
  /nix/store/mqihivlrysnylqbjp9xaggx9bln16rlj-etc-ssh-ssh_known_hosts.drv
  /nix/store/n0ipp6q4bh2dc3gnlwgn61sfh67fbzwm-systemd-user.pam.drv
  /nix/store/n748974y0ida4k49jn1zc53rmhnlghdc-etc-modprobe.d-nixos.conf.drv
  /nix/store/pl4p9h58zi372zp8dgi6fpy9vrxrrh2y-chsh.pam.drv
  /nix/store/q5cmv35ia7dcihvjdfgfq66crmh2jwk1-etc-systemd-logind.conf.drv
  /nix/store/q957jdjjym7vh3ha18vqpplqc01nhl5s-etc-systemd-system.conf.drv
  /nix/store/qkfrryja5axzxzixv954kfyrr8yn1ibb-hwdb.bin.drv
  /nix/store/r7363l3pd9x91vk1d7wsfbnpr3r45l8k-etc-nscd.conf.drv
  /nix/store/rdbajpfg656h9d25fpy3y7m65rfhmraa-etc-hostname.drv
  /nix/store/rrj48504q2w7csfbpfa8i58yqkazf0ck-groupmod.pam.drv
  /nix/store/sfp3nzyg15ivyh6f9fndbhwgf4qg3zxs-etc-bash_logout.drv
  /nix/store/sr6j01099rflgg1bgrbgn2j9d98lwcaz-useradd.pam.drv
  /nix/store/vz8nwmi1x9fyw55sq9svwa00hk8rz4xv-etc-bashrc.drv
  /nix/store/wb4f6ckip2k536xa6lasni4x5mjdxxhq-user-generators.drv
  /nix/store/wg6nmkycgc0cpmp4z50568ycjjc1j8gm-etc-fuse.conf.drv
  /nix/store/wgjacdim84xknzi7mc2w1n790nvbgig8-chfn.pam.drv
  /nix/store/wwl81g7rg9yk58yk6a1cn7b2yl8bwxvw-root-authorized_keys.drv
  /nix/store/x16asjp7jimv4d2flna6dbv1455kn1q3-unit-40-eth1.link.drv
  /nix/store/xdavjrfaj76isyvjyxr2qf9gc5m4d219-etc-pam-environment.drv
  /nix/store/xw77km33z0fnsi5mdzlnial2p71i7f9d-nixos-authorized_keys.drv
  /nix/store/y1gvjrnwzlyyb70d1mb6iim7yr024imj-etc-lsb-release.drv
  /nix/store/zda24jwcgy7pxx0jafnmzacannbz4p0p-vlock.pam.drv
  /nix/store/5xkq31bay4hc93apcfpcp5yx3r59582w-etc.drv
  /nix/store/4bai3rr9m7b5mhcsvhaspcz8mj5qzw1q-perl-5.42.0-env.drv
  /nix/store/9401cfbfxclm2vjxa8dixhmr7mf8sjxp-users-groups.json.drv
  /nix/store/nyvsrdyih77j4m59aw5nnq3n508azip7-mounts.sh.drv
  /nix/store/q740w4gslfziip2rkxjgawavnjwvx29z-perl-5.42.0-env.drv
  /nix/store/983zy50ssih01r72w2mvz0cwp2kvm2mx-activate.drv
  /nix/store/r5pkx18bb6zlh4ajhdynvl9prji7w4si-local-cmds.drv
  /nix/store/9fbpazqp9hra8zg6dcgs1m9i6734zmc1-stage-2-init.sh.drv
  /nix/store/fk03iy24vk0wp31rqmgd9dhgvyhri3cb-dry-activate.drv
  /nix/store/1i6diswhhbd25sd39bnnilzda3v8qgp8-initrd-nixos.conf.drv
  /nix/store/2n13d5z9c70gwcr69c878lca1qczgaz8-unit-dbus.service.drv
  /nix/store/4hx50zc9hcrswh9gppy664jzwf5d875x-unit-dbus.socket.drv
  /nix/store/6kf6v67hf6d3zvbvch60vv8hmaijsy2c-unit-initrd.target.drv
  /nix/store/ix8gly5s6b499g1cbh42qmd88vjfa688-unit-script-initrd-find-nixos-closure-start.drv
  /nix/store/7jk452rscys43hwsai5hk5igxnqzvbn1-unit-initrd-find-nixos-closure.service.drv
  /nix/store/9gl73c9qqaiavkfr2zgnzr6qzsrkdxc8-unit-systemd-tmpfiles-setup.service.drv
  /nix/store/bi8v44f6b802006k6bj4kcykh1h3pxx7-unit-systemd-tmpfiles-setup-sysroot.service.drv
  /nix/store/hib8kp8d1hf6d62mx9087cdahfm7z181-unit-script-initrd-nixos-activation-start.drv
  /nix/store/l5f1j6gcg44wbd71gby0ipvcww7jfh3f-unit-initrd-nixos-activation.service.drv
  /nix/store/lkd1v62lpsgyjnk4gmabqgcs3hkzs6p0-unit-sockets.target.drv
  /nix/store/p3lvgd8a806jwk1yij26fcz6k83pqirk-unit-initrd-switch-root.service.drv
  /nix/store/qby7hcl6vdf9gh29b98l13vfbw8r444c-unit-sysroot-run.mount.drv
  /nix/store/r3b00qra5kwan2rgzdlg02f7wayzxcjr-unit-panic-on-fail.service.drv
  /nix/store/y6kc50sz1ca968f7q737a2y5k0n7xci4-unit-modprobe-.service.drv
  /nix/store/1w4x3xx9fqwf2qyc0sfqbqsrggjcg6dz-initrd-units.drv
  /nix/store/3m2wkijj13k45iaxmlr58w40bj5cwd7x-initrd-shadow.drv
  /nix/store/a4r4d2xbvkkb2yw7dk8dg9n0jh99cf8v-initrd-bin-env.drv
  /nix/store/c83p870q0645h7450an1zs7dg2gwvrwa-initrd-udev-rules.drv
  /nix/store/5hymc33xrwiwm3fjh9l47lxz9p7r4nq6-initrd-udev-rules.drv
  /nix/store/a8cajj7gns3y2jzhc9l11ifmx0mxnnhy-initrd-nixos.conf.drv
  /nix/store/gi4d5psfm9svfwga35z98s7rqrpg40bh-initrd-hostname.drv
  /nix/store/mh6dvmkbipn6g3hvrs6gz5gzw0vysyc1-linux-6.18.53-modules.drv
  /nix/store/n75ccibxl5nqsqnicyaw9z4wiqzkx7d9-nuke-refs.drv
  /nix/store/i2rrlkras71awvbj4bqdb3a9amw95vcz-linux-6.18.53-modules-shrunk.drv
  /nix/store/jxv5qg50zflxfz2ydsgam3k81hqdfk4c-initrd-passwd.drv
  /nix/store/knlzbqq8yi5s9893bcqbqdmkd0fix7ih-initrd-group.drv
  /nix/store/kzfi5gds5873z1f1bjxvcmk3s46a0l5n-initrd-shells.drv
  /nix/store/mp7zr9w8xs05rccp0liyjiibk7ryc4kw-initrd-system.conf.drv
  /nix/store/pb3fpsdi85c2zc4l23yf30nnj6id4ij6-initrd-unit-env.drv
  /nix/store/spqlmiwlz63wdj6a03h3jyi0pqyvf31c-dbus-1.drv
  /nix/store/w4ss1jlj4wwf5gxbjjzz0684zpk3cws6-initrd-release.drv
  /nix/store/j00hrfp9mvknns7zi79hqf1mcnnm08sd-initrd-linux-6.18.53.drv
  /nix/store/lz1jj7mi0ch67y18gkjc2chi7pwk05lw-boot.json.drv
  /nix/store/vk12xsvnvri7dm869byy198v8w7v3njr-perl-5.42.0-env.drv
  /nix/store/h1pvd0nlmrwq6zyqdgv25gsy21igivis-nixos-system-r4s-sd-card-26.05.10529.c508844df6c2.drv
  /nix/store/lnlcq5040bc60d87mwary34h4lkysqm4-closure-info.drv
  /nix/store/m0xr8n21l6n4m617jlqgx1hza3v1kvab-ext4-fs.img.drv
  /nix/store/17xk1878wv99gs0lds0gydr5jm04k7g0-nixos-image-sd-card-26.05.10529.c508844df6c2-aarch64-linux.img.drv
these 508 paths will be fetched (1.4 GiB download, 2.5 GiB unpacked):
  /nix/store/imyiapvv47yi767887wpxmrzl17rmyg1-55-nixos-aslr-entropy.conf
  /nix/store/jqx5m5j2arm8lk3dspyjm64wrsv9nyzr-acl-2.4.0
  /nix/store/gpa45vqjb748zrpdyic6fjslncdry5yh-acl-2.4.0-bin
  /nix/store/ag7kn51h22pz9522z2v6p8x29lnvzldv-acl-2.4.0-man
  /nix/store/09gnic6v95f4bxz2nxrc5pf5h8m07idy-alsa-firmware-1.2.4-zstd
  /nix/store/p3mlcjv3jyaym9s1rpccvjz9hq83vzs6-attr-2.6.0
  /nix/store/khbc5p30xpwwvq0xwv71bnfl9p88finw-attr-2.6.0-bin
  /nix/store/ymfb6nqijfy8kj0xcyynim3cdgsvsl0z-attr-2.6.0-man
  /nix/store/zpw7g5zwjacjbij6nrch9jmz4awq199g-audit-4.2.1-lib
  /nix/store/z2jmmibqnmzfnxqj3nnw3m9b2y7v262c-aws-c-auth-0.9.1
  /nix/store/v3qwhrkiip41pq3z42sadgs2n1iky0xw-aws-c-cal-0.9.2
  /nix/store/ps8vklcpxn0312cpncnspfqhc5klh1b2-aws-c-common-0.12.4
  /nix/store/4n04a60p1diviawm7apsm0a8yf4kd8ic-aws-c-compression-0.3.1
  /nix/store/lllzln27mrc51rjjh749a69bi0775nn6-aws-c-event-stream-0.7.0
  /nix/store/hdb5qkl3vw1ycnwv81wyi0qw6nvzrm3z-aws-c-http-0.11.0
  /nix/store/4mblxci3qy5v985x4vlb0iiw77grg1d1-aws-c-io-0.27.2
  /nix/store/fwvdkqiglc8qis5j4zrjb1f73g86hyi1-aws-c-mqtt-0.13.3
  /nix/store/lqd2n43bqx2h1gwixwrm01xj0gzyda3v-aws-c-s3-0.8.7
  /nix/store/v6gbll8nlvn25i6y45ivvbhd8f94xraa-aws-c-sdkutils-0.2.4
  /nix/store/x2rlvvw2i6a073nzbsmm65rxw43krjf5-aws-checksums-0.2.7
  /nix/store/82x399w501jhyf7c7sy3bdyn9fvhlhlc-aws-crt-cpp-0.34.3
  /nix/store/pbjg9k27s3v1wp5s8c6pb23s0m69yjwz-bash-5.3p9
  /nix/store/gyx45y9hcf8iw4dwypjmyp7wcbbl0fki-bash-completion-2.17.0
  /nix/store/d7wwjvmwmndbm8fmgsaj1hifn2ml2iln-bash-interactive-5.3p9
  /nix/store/wz9cs2zx3zmbsy56bhh643qrwlpf46fj-bash-interactive-5.3p9-man
  /nix/store/q1n0ykni9qkdrba3hcic40smkqa80ss3-bcache-tools-1.1
  /nix/store/q7b1qzbmmj6givzh8p3vcslf8yyjgyq9-bind-9.20.29-host
  /nix/store/si3v7n8wdv6lsan55s1ghjg1r0xxaf8x-bind-9.20.29-lib
  /nix/store/l8gi64i6728rsyq0z8qkvfsicxaz7fhl-binutils-2.46
  /nix/store/lkvkmbd77df52y34jfb9idxfw09f0zb3-binutils-2.46-lib
  /nix/store/hjbwg6w1cjf1p04czn58qcqgbzcd4rbd-binutils-wrapper-2.46
  /nix/store/hymbsvpk4k5z2p59b2rmanf699rdnk98-boehm-gc-8.2.12
  /nix/store/v1b648sm7f9ns2mdh2l4x7lh472sks8y-boehm-gc-8.2.12
  /nix/store/z70fgqls66l2d1iazgvwhy7zyhzq1zqi-boost-1.89.0
  /nix/store/xncihsyn3z0lb0wpqgk159kh5wpa8gl8-brotli-1.2.0-lib
  /nix/store/ngx2dy09ql7ckq4dzgyaxpm5vk6lisqg-btrfs-progs-6.19.1
  /nix/store/584nzlqb5s3phf2jq17dxvh1s3csgja2-btrfs-progs-6.19.1-man
  /nix/store/g10hhmml8blwjpbyc3kkdm5yfrigfxj3-busybox-1.37.0
  /nix/store/qxfgs9g26zc15dpjx9g9v6pjqb8cszj5-bzip2-1.0.8
  /nix/store/3jx4v8p6cxmvgb0q5wgi95dip8p2g30y-bzip2-1.0.8-bin
  /nix/store/0v3kymzwg728p3ilmb44pbxcypbpszah-bzip2-1.0.8-man
  /nix/store/1ldvz6zcsr0sh76ryhl9gq7f2dlck5g5-c-dvar-1.2.0
  /nix/store/cr51p61bgnqzkw43k4bvxc9vv5cvnfbr-c-ini-1.1.0
  /nix/store/wywr2q2sjcbpfk8c1c712zyw6alljjpd-c-rbtree-3.2.0
  /nix/store/jmi50kvs1w5acsbpqwwhr0x6r9xksbg8-c-shquote-1.1.0
  /nix/store/njxwn6i614pgfwzr3wyigwdc1nxjqkg1-c-utf8-1.1.0
  /nix/store/iv8c0881b9bqmnmbrcizskwsh55fqcqw-ccrypt-1.11
  /nix/store/8ckydxyn7apvizka3hlndcxmcyplwwdy-ccrypt-1.11-man
  /nix/store/1xfxvr41y7lx1accr8p1fa5v29n5m4jh-check-sshd-config
  /nix/store/2870jqg5wsw4b9q759df0aaabvw10dn5-cifs-utils-7.5-bin
  /nix/store/f8yf7k3i3d2fhylk0z5k19hzadrkjsg3-cifs-utils-7.5-man
  /nix/store/fl0k50cdb33a5xxzlzmz5782yw66rj4r-coreutils-9.11
  /nix/store/aklb41f5nvq8g6fv0gidkf2l8jndp59f-coreutils-full-9.11
  /nix/store/wnnx81g011g63car16lv1lyvi3j25cxa-cpio-2.15
  /nix/store/p0q641h86sy4d78biv3d7ac5qszk26va-cracklib-2.10.3
  /nix/store/kcm317qi87683wil52p2jcqdj9vv1iky-cryptsetup-2.8.6
  /nix/store/jqixdygpg8w82xqzniprx65rjxyzfwm0-cryptsetup-2.8.6-bin
  /nix/store/d5yzh5niiawcn7n62dvicb1jvjsp27j2-cryptsetup-2.8.6-man
  /nix/store/dj86hb1ivsa2wp2kic39i6k64kzni2p5-curl-8.22.0
  /nix/store/dmj34ibvyfydnybaagh8rd6ppf52h18w-curl-8.22.0-bin
  /nix/store/33fhcf2if01jmiymf7ikzba82qx84ym4-curl-8.22.0-man
  /nix/store/sd0vgm0rl9j1rshvlqn9plcp7k7ymkp7-cyrus-sasl-2.1.28
  /nix/store/k53fnc4hz9s33i468xgh8x7r28rn9y1p-dash-0.5.13.3
  /nix/store/hy45qj6iin5grzqccymnnmvkg6npyg1m-db-4.8.30
  /nix/store/w8hg2rmgqa28w69rnd5pm7fb174wk1qj-db-5.3.28
  /nix/store/lczipiv370wlllzyhspsvrprlvddsz6z-dbus-1.16.2
  /nix/store/0yvp96wygnl1667mc5f5fygxbbf5fj3s-dbus-1.16.2-lib
  /nix/store/g3m1bs0h41v88rz1434i1hp156vjszmd-dbus-1.16.2-man
  /nix/store/rd8snxki4cbdrz7dhv6aw423pfx0a2g6-dbus-broker-37
  /nix/store/zg2giiqip3yv74jj97yxsh7a4371jw9z-ddrescue-1.30
  /nix/store/dm5hznvzvhcq5gahm5ihx2n2m16yj706-ddrescue-1.30-man
  /nix/store/vi6f08p4d6r7d20gka86xvaxbmlr9f4w-dejavu-fonts-minimal-2.37
  /nix/store/sywplmgp7z47cggm1snxk3lfkzwpig82-desktop-file-utils-0.28
  /nix/store/azb1m0xjnvrgfmxl4qzwsh5ah5p1h3rc-die-hook
  /nix/store/x9q1f0wsr94x2hab8lpkhjz3m6mm8xqi-diffutils-3.12
  /nix/store/laakwd83lda7xyf88f71jgz3ajvj6w54-dns-root-data-2025-04-14
  /nix/store/wyrx03x4y8bq9596mk08rr03xzb92a9x-dosfstools-4.2
  /nix/store/h53lgwlw5i9hxfarc68dwig28hqyh23w-dosfstools-4.2-man
  /nix/store/8mgwabddzgrjjv7nkijxrkq5smzbjqpp-e2fsprogs-1.47.4
  /nix/store/r23ij65rw1damb061h09b5wvdxkkxp7w-e2fsprogs-1.47.4-bin
  /nix/store/75vzn2y0vi08628svisph3x0wbrr8xl9-e2fsprogs-1.47.4-dev
  /nix/store/5y9d4lbf6893jhakpmjq83rqwmy6j0s8-e2fsprogs-1.47.4-man
  /nix/store/c5m5znp4y6pk7r27s5nlb14f61ma4hzx-ed-1.22.5
  /nix/store/31ckp4yw8zrw0y9qnb7lc44l8yl8h7i6-editline-1.17.1-unstable-2025-05-24
  /nix/store/q0bwigwg7qz69byjhjb8xpagnl2jjgig-efibootmgr-18
  /nix/store/aya4cgifw1ngy2sxwz65hicbbzbqfrpb-efibootmgr-18-man
  /nix/store/0268hiksp8aivb88ni3z1rf7awp2fspq-efivar-39
  /nix/store/6vi85bklzd151wd8s1winh3cr9lc4q9v-efivar-39-bin
  /nix/store/7v34nq5ljlffsq3kam1l900yks9c7jcw-efivar-39-man
  /nix/store/mk604a6bzbza04cyzfjmcph6y5r1k9fn-elfutils-0.194
  /nix/store/7p4rp9j9kby8dh4hhfh8wig79rkw48nn-empty-inhibitors
  /nix/store/6wd7w8w34dqgf6mxppn887z7jj977sjh-ensure-all-wrappers-paths-exist
  /nix/store/hl29hcs0zy1bw4sh3wz87vsym8fx7081-expand-response-params
  /nix/store/6nbsy3nxv3ahp4nki8k6bwx43rjh5wbx-expat-2.8.4
  /nix/store/1xl5jasdwi0hiaaadvi1h0kya6hp1r8x-f2fs-tools-1.16.0
  /nix/store/86zcn0n0dmnc8cic73hq7xg6r8m3f228-f2fs-tools-1.16.0-lib
  /nix/store/2j3iib9794dnpm2zfbhnzvij40f293ml-f2fs-tools-1.16.0-man
  /nix/store/d74qm3p1jnqwcshw6djc3kqs6y894jxi-fakeroot-1.37.2
  /nix/store/3vc5g2vx0cw40x6ilw2i4b2vl2nh4jn0-fc-00-nixos-cache.conf
  /nix/store/axykpbjc8559q60iydif3679zd8ba70v-fc-10-nixos-rendering.conf
  /nix/store/fqpyn3bp5azqsc3n9s83i57wzgczx64f-fc-52-nixos-default-fonts.conf
  /nix/store/cwbgrfjy84s7lnd9c37hhdn4nixkxp8d-fc-53-nixos-reject-type1.conf
  /nix/store/9hwzcwvg8j227rgkdvs0045h2dkcmhp2-fc-53-no-bitmaps.conf
  /nix/store/r8hmpapz5b9yyz23c3q28vgalm4acjbw-fc-cache
  /nix/store/ax9y9b5l52im667dbjwyig9n2y4f6mm3-file-5.47
  /nix/store/svszb7qxpr2c9gfwchj804cjhy4w87mx-file-5.47
  /nix/store/618fz258f0g8yy79q4dq9q0bc8qinwza-find-xml-catalogs-hook
  /nix/store/vmvcjsjl7wr4ks7nshn0ys2f06nw98f4-findutils-4.10.0
  /nix/store/fy3pyynjfpfzh9blsg4kx1kb1riwakai-fontconfig-2.17.1
  /nix/store/8385ky6js7r655k905gmhkic7kp4lajb-fontconfig-2.17.1-bin
  /nix/store/6bq4j3qwwyijmaz3z72jpb92wbafvd9s-fontconfig-2.17.1-lib
  /nix/store/fm2cikn5b03cw3wb230bgavhizn1sa02-fontconfig-conf
  /nix/store/wy1cw06fbxq8fzdh5zcfchfld8224n5k-freetype-2.14.3
  /nix/store/bx4qp7pham1sxj3z7gzdg7s2xswlc03f-fstrm-0.6.1
  /nix/store/7d6abpxi085qw1z34pc2b4rybnxh5rky-fuse-2.9.9-bin
  /nix/store/8nq104g5zn0f409a2az06v6ffixh795x-fuse-3.17.4
  /nix/store/kgrz9f2bynwsqayizav7f91izlgmpnvk-fuse-3.17.4-bin
  /nix/store/zc4hbfn72nqhslq0186zf66amkyaqa4q-gawk-5.4.1
  /nix/store/6v566i3b57xvprwvwhack4mriw4lf84q-gawk-5.4.1-man
  /nix/store/wwdfqzlkqiahwaaxwnzkbffqfcy3wgav-gcc-15.3.0
  /nix/store/bjk38qs79irxsjl0557nckcn014qld31-gcc-15.3.0-lib
  /nix/store/w90r6z6c4w2yhwlr29nch5js471a3n01-gcc-15.3.0-libgcc
  /nix/store/0qkpwqdb61rmcjpay77jcc84chjb3jjs-gcc-wrapper-15.3.0
  /nix/store/05fpim9ra40s1q3yn89qjkm4b45qiimp-gdbm-1.26-lib
  /nix/store/ykqp52ks30hgi3wzpx10zvbf6zxin4kw-gen-hostid
  /nix/store/16y73vaxh6jspw8liz9ahkjlywpfvr32-getconf-glibc-2.42-84
  /nix/store/56y4jj2jj18fs5q0l4bcvs5pvvww5ly0-getent-glibc-2.42-84
  /nix/store/j2ylql2cbrsbyrgm21pk2pn5p4m716pr-getopt-1.1.6
  /nix/store/1xw8dmg1gadg3azlzdf4203sp6ifbj6w-gettext-1.0
  /nix/store/fk7f6ndf15lwcxgd4r1jr4bzpjpf2ixa-git-2.54.0
  /nix/store/sg6krch5s5v5i56sknibyv0zjqhhfgw6-git-2.54.0-doc
  /nix/store/l8bvqs13xl8ajv9bhk4zhxwm6187dj4y-glib-2.88.3
  /nix/store/shf3m6di7sgrl1c9pk3rdf0zlw9ml671-glibc-2.42-84
  /nix/store/5hd12qgii4c6pncl07b9sbb08imqa0sm-glibc-2.42-84-bin
  /nix/store/bmy3kwy9ap95i36rfjm2nn9amjys57jn-glibc-2.42-84-dev
  /nix/store/d3mwpy07fap8yvd4q44acg8j4848vm56-glibc-2.42-84-getent
  /nix/store/bfxpngvk54cx6q2yw3gb9b5gymbak132-glibc-locales-2.42-84
  /nix/store/5bi9p7qdzbrbldmk02i1xwyc1g2zdfyx-gmp-6.3.0
  /nix/store/4w037q8rkfxs2ig1yhq41g8ninqmhlac-gmp-with-cxx-6.3.0
  /nix/store/jx1438km9id4mbal2fbnb8h0qlv2k0nl-gmp-with-cxx-6.3.0
  /nix/store/dxcxh5djhkszm81lhhzrxbxc7rvg1g08-gnu-config-2024-01-01
  /nix/store/9as3xlh35qffr4hh6xavbs4hxvgf81yk-gnugrep-3.12
  /nix/store/j8kqxywc8v1y3q4hy4rs4p24idihsxh2-gnumake-4.4.1
  /nix/store/5dwc2shvpxrs5yk2w1k2hnsq0x0f40lk-gnupg-2.4.9
  /nix/store/k1niaby0ybj5y1kpl8x7r17c0g7xn05w-gnused-4.10
  /nix/store/2hs8hcaf6n2s4lbg1q1w1ggq83hfwr2l-gnutar-1.35
  /nix/store/40m2gjk4zllsysv56f05j3brkd7bxnhy-gnutar-1.35
  /nix/store/49afbzjh3j6xagypzjq8nxswzxbhw2r6-gnutls-3.8.13
  /nix/store/71lnq0d14kvgp8l2wi4kvjvj5jqjbmfd-gpm-unstable-2020-06-17
  /nix/store/6g0arflakrz16gk7xcns9jlasw9gq0i4-gptfdisk-1.0.10
  /nix/store/xx4nrz023628808affm1fcs25ds2xza5-gptfdisk-1.0.10-man
  /nix/store/yw64drhf12kds03j5395bs4fcpzjna3q-groff-1.24.1
  /nix/store/gj2c8h3gcc6wha17zwqsjib3plnlvh6k-gzip-1.14
  /nix/store/y0lch49lfcjnmib26sbq035piiyjgc62-gzip-1.14-man
  /nix/store/24pxdpfwqqp55hq0hlm7i8aw36xgcwka-hdparm-9.65
  /nix/store/7k508pvx3vmv19ahrz7kj6jc51l7dcy2-hicolor-icon-theme-0.18
  /nix/store/gwzg3dm7cflm4g1ppl1l0s07i7sfkfhs-hostname-debian-3.25
  /nix/store/3yfgr9gm4vrvwk281bnmh368bmdywkvi-hostname-debian-3.25-man
  /nix/store/f768k2klbzy50ks9qwb5bk6g1q8n50gm-hostname-hostname-debian-3.25
  /nix/store/2m0a2gqva38qambmlbhmhbw9xzfv6r4k-htop-3.5.1
  /nix/store/bv6q54p2yibz5994yfnjsiqiq4hd4lxw-htop-3.5.1-man
  /nix/store/y8qi265ayybqgh3rm4azb7wvj2kzzdp6-hwloc-2.13.0-lib
  /nix/store/bn81v3ngfg150ymglglgbh8bac49v1n4-iana-etc-20251215
  /nix/store/qyjdipyx0qrw8g28374shxxh9wk5y3qm-icu4c-76.1
  /nix/store/0r9djg4g4f1x8hwd6h963cnxnflk5iy8-inih-62
  /nix/store/lllcy5gcmj5mdk4w8rdjc9v84ixl4mss-initrd-udev-rules
  /nix/store/aby98wg3z1wy8zyx5d258xr893aa3ajm-install-shell-files
  /nix/store/q3gqj7fz77kz4rncrcfmc5501wcqizgk-iproute2-7.0.0
  /nix/store/c3v02xg206wpy5m118kd750wyh9a97j6-iptables-1.8.13
  /nix/store/7nmg10wgl8liijy5nf40isp3qv585dqx-iptables-1.8.13-lib
  /nix/store/1b489wxzml1k3ffdfzqljcv4yziippsb-iptables-1.8.13-man
  /nix/store/9b2vasg3f351pfhg5a3401281wv1s86b-iputils-20250605
  /nix/store/cfx0wvg4x3jbwii6yh5bb0vqsak6mnns-iputils-20250605-man
  /nix/store/lqasn0w9sp7y9ari3pc5la548mjc53bx-ipw2200-firmware-3.1-zstd
  /nix/store/28c885yzr9mpzhslbfha7b8w0gnxzwnd-isl-0.20
  /nix/store/ihfz7a75f9rib27ab9j5rdjf2q3k83mr-jemalloc-5.3.1
  /nix/store/4a46qs435k4hgbxfdc6wkf2xviw702ra-jq-1.8.2
  /nix/store/6x56wf80yfc0fxxhpn3miynvwwygics5-jq-1.8.2-bin
  /nix/store/fd5812aa2ml4xqa4apa00rfwai9q4wgx-jq-1.8.2-dev
  /nix/store/facz5l38db77fzm7hajgjkh0miz9bvg5-jq-1.8.2-man
  /nix/store/3iyny6ahnz3qwc951j5mysgw6hai4hjd-json-c-0.18
  /nix/store/5l6l9g5yyfj4wic6n9qah02cn7qgv75p-kbd-2.9.0
  /nix/store/dpc0czhnwbpa3n5jhf3s933n7fn8imy8-kbd-2.9.0-man
  /nix/store/m73lfppr33wdvf96hbgm8fhg7y26360i-kexec-tools-2.0.32
  /nix/store/kdl5pg1i0qvzds3zkbdh5l925f7kb7nk-keyutils-1.6.3-lib
  /nix/store/q7rgjg2cfbqaz5634pipd3nbxvk89ddq-kmod-31
  /nix/store/1ma0a81dia44qyadd82aizrzhi990zjc-kmod-31-dev
  /nix/store/yz8x6i3ilzqf9ib1fn0zdnryci60wdnp-kmod-31-lib
  /nix/store/vg767vrs80i1mbnigl6ch7nlhkm1na19-kmod-31-man
  /nix/store/dr77gl7fpz81401a6idlsc1jviim77i9-kmod-blacklist-31+20240202-2ubuntu8
  /nix/store/f7wr7d2ql9dnmk7yd74yv0mf1pgd1i2a-kmod-debian-aliases.conf-30+20230601-2
  /nix/store/h2fci31fwhzj29x5iafbv5w0q8c60ycq-krb5-1.22.2-lib
  /nix/store/m8i5hvgpnp8ckd5grq9i9c5hgbafc4av-ldns-1.9.2
  /nix/store/08gz5qvyf0n11f6h0abb48d31q388hh5-less-692
  /nix/store/k5zafgkmsmabsbpbsv0w4nr7f6kl683x-less-692-man
  /nix/store/bld6n80jzf8s533s493f4y54i27jqg90-libaio-0.3.113
  /nix/store/g63fmq769rczikkva9k299kcqpxcyrbn-libapparmor-4.1.7
  /nix/store/m3rc8vr0a6mwdm3i0pr7wfiynpm16dfi-libarchive-3.8.9-lib
  /nix/store/rvc05x905vr5q4a18gfin1ij9rry9wjn-libassuan-3.0.2
  /nix/store/7nvg46jymm7rgz3vqflbah5ifcv7fwfz-libblake3-1.8.5
  /nix/store/y7c1gwxzs2qc2pwissfkqrhz3wr5kmpa-libbpf-1.7.0
  /nix/store/mw2zy8md61yqf8646lk4v4gcdnnmgcdg-libbsd-0.12.2
  /nix/store/vq4dscv90jsxm5p1mq8wbnc8zbzbimw4-libcap-2.77
  /nix/store/qwpfwmlx5r52rk2ma47dg7s19dywycha-libcap-2.77-lib
  /nix/store/xrib5gw0yhjljv2lja76m8vx1iql60mb-libcap-2.77-man
  /nix/store/h3c4lkaamj1h4jfamis6ngz7a84ky801-libcap-ng-0.9.3
  /nix/store/als1k7d1h59f377jdd3a634i87qi480r-libcbor-0.13.0
  /nix/store/vj24qlzj9p2zalllxyx6sh2g5dnvsp3r-libedit-20251016-3.1
  /nix/store/xmj0q1n848iqxv85blm8x7h2jjbk5wif-libevent-2.1.13
  /nix/store/4r4bpifqk81mvsd2n34bijkzhdnlbi9n-libewf-legacy-20140816
  /nix/store/8b6qm04bg2vbnl6qkiziwc3y1i9xsg4l-libfaketime-0.9.11
  /nix/store/il9s1vwcwfwsdcjsgkzf7q44jsqn0nv6-libffi-3.8.0
  /nix/store/3rmql91wm8ajx52racjy4r34vn5v5jk4-libfido2-1.17.0
  /nix/store/hzz2n31qffvbjkvf33njmchv6xg2cl2m-libgcrypt-1.12.2-lib
  /nix/store/hd8nhm4jml5yz6c1b06931y49pvd0p5r-libgit2-1.9.7-lib
  /nix/store/c8glw474n3izrd2d03skfip066dfsf17-libgpg-error-1.59
  /nix/store/faffkshpp9pi6332a95rj454b4b2gyqc-libice-1.1.2
  /nix/store/998by43lpid9xfpm7s8wdwqd82bj61rd-libidn2-2.3.8
  /nix/store/yvqvbh9gdivgzqmhsi0ddjmprdbyjm0z-libjpeg-turbo-3.1.4
  /nix/store/szjlbx15v0qvls0w74yg3jf40925qkgg-libksba-1.6.7
  /nix/store/0hrhi14r3hhgxj001rh6r2rwb449h8fm-libmd-1.1.0
  /nix/store/2i2fpzljqvh2qazd3spr4z0y38dl8ncg-libmicrohttpd-1.0.2
  /nix/store/b6pr1icz0pr463r24mi2yksn4pzs5xwj-libmnl-1.0.5
  /nix/store/4icwpw7jxpg4pgyd367sj06x8navqbzj-libmpc-1.4.0
  /nix/store/wldgdk5wyvg98bz5rh98bwgdk9g8hqr4-libnetfilter_conntrack-1.1.1
  /nix/store/13b697w3s7xxbq64xjz1kxqzgv5h3frl-libnfnetlink-1.0.2
  /nix/store/jlgk0pspszq8q65graflpwkdjaqn6bmn-libnftnl-1.3.1
  /nix/store/5z51xllfpdv5cl5qy6n1028jy0rriz2x-libnl-3.12.0
  /nix/store/pkarg10sgng49f967rljliy2ghxzpd8r-libnvme-1.16.1
  /nix/store/y0zkmf8g4qgi39g0fs4cvxsmp8qyypj2-libpcap-1.10.6-lib
  /nix/store/43jnmxcf6znjhaa6g02762xg27f7l9az-libpipeline-1.5.8
  /nix/store/jv8d619jqj07k0rqjpf00c84bjv5dg41-libpng-apng-1.6.58
  /nix/store/dd9p2ywqccf0yxjylasmp96idfbg5shc-libpsl-0.21.5
  /nix/store/bmqijdjr4hpyw4zmnp6gq8i78fj93j0w-libpwquality-1.4.5-lib
  /nix/store/g6xd0pq52ksb2c75nq8fj5k1z25r0hzi-libreelec-dvb-firmware-1.5.0-zstd
  /nix/store/9kmag2jp1ar36l2wd6vvr8gm47ngcqwk-libressl-4.2.1
  /nix/store/65bi87bb9g1pj7i58baymrx9lbciw66z-libressl-4.2.1-nc
  /nix/store/6yl96mb9j1jz0kcp0zk7va7182y8x0cd-libseccomp-2.6.1-lib
  /nix/store/b4428j56jvlryjvdf6kkdba7gz7hjncg-libselinux-3.10
  /nix/store/bqjv18cn5xg391kagirf0gkxmfg4dxzw-libsm-1.2.6
  /nix/store/fji7cm3i3ykx0ijkibrl01fwrpiha7cl-libsodium-1.0.22-unstable-2026-04-09
  /nix/store/d41s3fhsbs2z84k9cy014h54a6r0hrwx-libssh2-1.11.1
  /nix/store/5c5nnb01ad55yp4742nwkxf0xg4i977x-libtasn1-4.21.0
  /nix/store/cwqpxr087yckgr31qmxl4zlnh7ckv0r4-libtirpc-1.3.7
  /nix/store/h25nikgchrdj2a0mcfbd312cpb9rqbi5-libtool-2.5.4-lib
  /nix/store/1y93yxlqgdg0jxgnmjxyrwqx3pv3cc8g-libtpms-0.10.2
  /nix/store/pznjp3srz80504q7hnpw676k0ns5vw67-libunistring-1.4.2
  /nix/store/1d1g0hk6bwify96bwnjqn2271rq6qcdn-liburcu-0.15.6
  /nix/store/6izswyldybmkj9i8r50cql3knzhzgp8z-libusb-1.0.29
  /nix/store/63hikf8g13iy3vp4aysbrgmp4s8189f5-libuv-1.52.1
  /nix/store/g50wsyk5fijgvs3y1vyi3g8hylsxh98b-libx11-1.8.13
  /nix/store/h226dp3hj4q8mb099i06l3yrxw485vg5-libxau-1.0.12
  /nix/store/qasavqykdi2pbjw0c6kspwzqhhh1ysk1-libxcb-1.17.0
  /nix/store/hd6l5d2rs8870y32x16rzcf4sdrxgxl5-libxcrypt-4.5.2
  /nix/store/q3j7v42y62b7mcr590j7wwdy3vcqc24v-libxdmcp-1.1.5
  /nix/store/i0nrfmbimqzi1r23fk62qqswqn74n0fn-libxext-1.3.7
  /nix/store/xjnvfcp3i347rp7zncsw5vdp7wgnpyaf-libxml2-2.15.4
  /nix/store/lrqwr2q9a8aijzvlpkbjg2byh3rjjn0k-libxmu-1.3.1
  /nix/store/x945z5p8sc0fi6knpck2rnljc9053c4q-libxslt-1.1.45
  /nix/store/y4hiancmrbaamh1fw63gl8hc9s7lyj89-libxslt-1.1.45-bin
  /nix/store/ysisrrzpl4c8rrkag2677fr6czr6gf4f-libxt-1.3.1
  /nix/store/nxj7vzg83q8zh2gydrc77a2a5553hmq5-linux-6.18.53
  /nix/store/4zxbq970lbdwk21idyzdiq0indw85v08-linux-6.18.53-modules
  /nix/store/cnhq9zj4c7spdinvvh4vd7yw4xiv5v4w-linux-firmware-20260916-zstd
  /nix/store/nrd7l2ky475r6pcpqyvy4fg8wvs7ilrc-linux-headers-6.18.7
  /nix/store/mrwsfaa4116c5l9rrc7hvz2wzr98rxdz-linux-headers-static-6.18.7
  /nix/store/v98lw5i9c6f5k38av4i4wmji8qhni1dp-linux-pam-1.7.2
  /nix/store/50a5dy7cbrjjdhpdza0nlkvglh040vac-linux-pam-1.7.2-man
  /nix/store/sw8hfmw4c1d07grw5hqwj52s0g3lyzzh-llhttp-9.4.3
  /nix/store/6z8bc6f2rz64m26j1g9f7413zi99dkz4-lm-sensors-3.6.2
  /nix/store/avxkn59ljklmgfkdx02j4r08c91hmnf5-lndir-1.0.5
  /nix/store/jxp06r3vl61vp9brpd5gqqglg0kyzxkm-logrotate-3.22.0
  /nix/store/46bjza42x7fbd16dngdc78a4ddl5nxd3-lowdown-3.0.1-lib
  /nix/store/ab58w1ymbiaazs8pfarhck5ca1mi1bg8-lvm2-2.03.39
  /nix/store/hc08mdcyrzg9n3dvv1frq7ay1ybdcxc8-lvm2-2.03.39-bin
  /nix/store/yx061llr04fw4b68n1vxly43q5i431w7-lvm2-2.03.39-lib
  /nix/store/73in4x2qfkfsw5fjg2wvhpigymyjsdss-lvm2-2.03.39-man
  /nix/store/22c8vp4m9w1wqlrvkfdkknb9kgsbmwa0-lvm2-2.03.39-scripts
  /nix/store/yq0c2jhzc3877vagbkwxinm80wajlkh6-lz4-1.10.0-lib
  /nix/store/44969jdj007l1skb4ywb7avf25wr5w2a-lzo-2.10
  /nix/store/4cqmyclqqdd82bb07f6ciafkbbb8an6s-mailcap-2.1.54
  /nix/store/fgphdlzf4sm1ncm9nf5f1c7l8c6kbb9w-make-binary-wrapper-hook
  /nix/store/rwwnm3w0mg5hq4vkpbqqa3mhz7vfzkxb-make-initrd-ng-0.1.0
  /nix/store/9v8s5d6hf2f2cl7db2chh24zs6bgrzn1-make-shell-wrapper-hook
  /nix/store/v3djfg49kc2yzpyv8m10na5pn0c5qc2g-man-db-2.13.1
  /nix/store/q84m9cr4i8njmywk5n834mgqb7619f2d-mdadm-4.4
  /nix/store/1k0arbf1gpgzbbrj5i7my0r00fvmd7gc-mkpasswd-5.6.6
  /nix/store/sidpx3xjg2x7xhhdw9zl7h2i65ifkmw2-mkpasswd-5.6.6-man
  /nix/store/5i4j9a4klbzx649alzmm9kwwh2p8sxs3-mpdecimal-4.0.1
  /nix/store/1fs5ppmszl70g70b8ssc9xskqa6ib8d4-mpfr-4.2.2
  /nix/store/1aggy3qf4pv1374pl7w348ql1r843x38-ms-sys-2.8.0
  /nix/store/qn6kdw6r1zsbzc51713b3h0hjazrmy7w-ms-sys-2.8.0-man
  /nix/store/cx5q33dkvjgv84chpw5ccmy1h6s1px41-mtools-4.0.49
  /nix/store/kd57vb7f6ssaw4pi2mk1bw3fhj7m0a66-mtools-4.0.49-man
  /nix/store/zv22ghzjwhlwfryb7iykyn5qn2pp1amm-nano-9.2
  /nix/store/qi4lsjxml25l4a6xk4q4di71r71x1wxh-nano-9.2-man
  /nix/store/z562q0zl18584d4adq22hm0ldpj13j8n-ncurses-6.6
  /nix/store/nfx0b1pxkp3q6apdnrxy7xzfvi377s3b-ncurses-6.6-man
  /nix/store/hszwklzsaidzclnd5bkk048i6rk52nhi-nettle-3.10.2
  /nix/store/419k6g1cxwpdbyh8j97xngvcrf3xk0ri-nfs-utils-2.9.1
  /nix/store/m7r7g9kzbxgbvcmbgsa72sqq2ycznx0k-nfs-utils-2.9.1-lib
  /nix/store/ldd2qqjrac3cyckh1xj298xhsl62xv7p-nghttp2-1.69.0-lib
  /nix/store/an3xcxap2j8gv6zlxlxndl5q5h3lgwxk-nghttp3-1.15.0
  /nix/store/kllbfsbpasdl332js3k89yq9n5rrcmmd-ngtcp2-1.22.1
  /nix/store/fi48vqj635j5f28xvijbngv1h432jrv2-nix-2.34.8
  /nix/store/kszpap1k3iyh9kl26k4c74k53125lafa-nix-2.34.8
  /nix/store/sxi9r3r4in38sl1f6a22zfwq9r3gp92w-nix-bash-completions-0.6.8
  /nix/store/6agc9y8ps7dsnqhdy1gq0rzsqar7qinr-nix-cmd-2.34.8
  /nix/store/z9bpad6j8ll8mdd3sqbsjcd6djmdslb5-nix-expr-2.34.8
  /nix/store/jvmhkkpymz7qbnhr545aacc6fxm1zc6h-nix-fetchers-2.34.8
  /nix/store/mflkp2j6jcrgcqz451ni718iy5v0l85g-nix-flake-2.34.8
  /nix/store/g3ra67azckws6jc06qgal323a29jnkcb-nix-info
  /nix/store/gvdimdyhhhj5g0712l9k9wpcxlzb3iy4-nix-main-2.34.8
  /nix/store/8svhgc47jpy3j4zc4s08bwvfvf2yzqws-nix-nswrapper-2.34.8
  /nix/store/crwfcpvap6r9fg612mjn41i72ljffd7s-nix-store-2.34.8
  /nix/store/aq1vk1ja45f8cj6y8ywf4xyrlx3rj5kw-nix-util-2.34.8
  /nix/store/9ijfs8b6zqhx5csags02c3km67jdwfr4-nixos-firewall-tool
  /nix/store/61xwg1p0cip7lzchwahy4g8f6d2rjd0r-nixos-init-0.1.0
  /nix/store/n2jksdp26r3ydpibk1z3pkn7v7nijawz-nixos-option
  /nix/store/1ga5fsba2p2134xgazz6xlghj4zgg4fv-nixos-rebuild-ng-26.05
  /nix/store/h80srw51v38iwl4h2pkxm5z1hvrsy7dq-npth-1.8
  /nix/store/nj56jxdhvbjc8vv5l1c6wvajb6wr35ka-nsncd-1.5.3
  /nix/store/d2kr2pgadczns2azsrqinrsdhh7bpiyv-nss-cacert-3.126
  /nix/store/15r4fi9l01m0dgfa30hdpqml68q2cxl1-nss-cacert-3.126-p11kit
  /nix/store/wanywppmfbcg8z1g984q4yrzlp943hwc-ntfs3g-2026.7.7
  /nix/store/z8y75wijwi7fik74p880dwvqjjbg96ms-ntfs3g-2026.7.7-man
  /nix/store/xm4an6pbdjp43bf8l5zy86fcj2m93ff8-nvme-cli-2.16
  /nix/store/av3mn26d2g2x8rafnnc092bqmjhwyhfq-onetbb-2022.3.0
  /nix/store/dlip21vsgm937xhmlzcb15c3h8k1wd61-oniguruma-6.9.10-lib
  /nix/store/zv52balyfa20v9mffn07z2l7j382x399-openldap-2.6.13
  /nix/store/iqdwiwzr8xwcd30wgi2ir3jjsrmdvvx7-openresolv-3.17.4
  /nix/store/q8rrc27rnxy87rsca89mihs1pshfls3m-openssh-10.5p1
  /nix/store/y91dznibnylg7j85lwdscbvp5xk01m40-openssh-10.5p1-man
  /nix/store/925pp1xa98cr78dm56gbdwlxi35z5cm3-openssl-3.6.4
  /nix/store/fiax6lghvygvj93d00gj48qm1k2wx508-p11-kit-0.26.2
  /nix/store/fk8pbrf25p24fblhdicm67ghsgmp565i-parted-3.7
  /nix/store/7d8qy70pg1h9ahwrmnjks8m87czklgni-parted-3.7-man
  /nix/store/vza9p0cagq2c8b4r7gjn8dig2bp2zpca-patch-2.8
  /nix/store/rd9jkh3lmg1ambncpw35ja1dhvri4w76-patchelf-0.15.2
  /nix/store/x6mibcq8hkmnl7a8krbhf873gk3wj5yh-pciutils-3.15.0
  /nix/store/fndd9wz9rr7307pmy32vckb5ijb7kqpa-pciutils-3.15.0-man
  /nix/store/7vk7y82k774yrgjas6rknfzmjzncp5a9-pcre2-10.48
  /nix/store/f9k04rxdxg9bj7pmqxd73gbyzb0wcpph-pcsclite-2.4.1-lib
  /nix/store/sjns492pa6i84iwzxikxg9shdwz5kn16-perl-5.42.0
  /nix/store/11mn2iil48l0cyn7f4bkppphdzyl61fa-perl-5.42.0-man
  /nix/store/cs1i4nkmydz4ys2knkw4q2xxh94x0ycn-perl5.42.0-Authen-SASL-2.1900
  /nix/store/59frwrvsb2hsk09qk2q0mgdmzpyzmdb8-perl5.42.0-CGI-4.59
  /nix/store/60w4j3pr0dbp3ix5nbinz5f5xp9cnmj6-perl5.42.0-CGI-Fast-2.16
  /nix/store/a0smilgjbsf0pjj2kwcp8nsqczq09r96-perl5.42.0-Clone-0.46
  /nix/store/9jj93mgksq38ffx50hr2f8la1m78bhda-perl5.42.0-Config-IniFiles-3.000003
  /nix/store/a50v3h9f7a5cbxwbq51zja52x82as7jk-perl5.42.0-Crypt-URandom-0.55
  /nix/store/4wmxzhdzlyw4zw4r2chrskp09hn008bv-perl5.42.0-DBD-SQLite-1.74
  /nix/store/0ddi678ms9cz3v4qfc90mn7cfhag26wc-perl5.42.0-DBI-1.648
  /nix/store/wl0hci0qczn9wx2z2xcr9nv5gd3gw84z-perl5.42.0-Digest-HMAC-1.05
  /nix/store/cj4kjij91bz89ash94mbridcd9kpraa3-perl5.42.0-Encode-Locale-1.05
  /nix/store/npmygba8m4pvzpjql1fx4gy80rnalghq-perl5.42.0-FCGI-0.82
  /nix/store/s9v9gkslwz38ss1kmkhz89lvcmn3hf3k-perl5.42.0-FCGI-ProcManager-0.28
  /nix/store/mfiq8hvnx2wvxr7ny824p1zywqrh5rk5-perl5.42.0-File-Listing-6.16
  /nix/store/c6qda483j4pwam66bylnmrfl7c13xqf6-perl5.42.0-File-Slurp-9999.32
  /nix/store/c9niik67cvwbbxlj97waw6xz5c88dyx7-perl5.42.0-HTML-Parser-3.81
  /nix/store/q0n3akjnr7dwclag22qzr0qi4ackh0l1-perl5.42.0-HTML-TagCloud-0.38
  /nix/store/d818lyizvrl1gcp3hgy4xr0bsgy0qirk-perl5.42.0-HTML-Tagset-3.20
  /nix/store/521mka4laswmsrla0nr64nds0iac56aa-perl5.42.0-HTTP-CookieJar-0.014
  /nix/store/p3brjxha0p305yjs16jihvpfwhxw77s5-perl5.42.0-HTTP-Cookies-6.10
  /nix/store/4j8j3jrcg8qgw14935xig9qj039r7c41-perl5.42.0-HTTP-Daemon-6.17
  /nix/store/8w4qfdarmdmsw517vpkkhhaqdr1mf1nl-perl5.42.0-HTTP-Date-6.06
  /nix/store/1gaw8995biw2lkx07rv7skz2w1qdsnik-perl5.42.0-HTTP-Message-6.45
  /nix/store/c61mr48msd05ya5jii1a6c6q5aslr536-perl5.42.0-HTTP-Negotiate-6.01
  /nix/store/fxcys941shndj1drp7qg5f22j8ak5kcl-perl5.42.0-IO-HTML-1.004
  /nix/store/8r71dad45bpximd73wy95q8r1193hzar-perl5.42.0-IO-Socket-SSL-2.083
  /nix/store/ijdsv0gq4494xhxdq530nlljgh54mi96-perl5.42.0-IO-Stringy-2.113
  /nix/store/gkk8m7bmgwjqjb4x56f1c71mfwh2hyjw-perl5.42.0-JSON-4.10
  /nix/store/jg88ncq9746rgbrq14zaaqpzmx2r0z69-perl5.42.0-LWP-MediaTypes-6.04
  /nix/store/rc0iyb0yx7czhcyxc6h3jvq76n8g768l-perl5.42.0-Mozilla-CA-20230821
  /nix/store/w1jwggaknfg842c6hccck6y2l8hip8s1-perl5.42.0-Net-HTTP-6.23
  /nix/store/01r8s3mya87x3800bhjd2wfisprnzrkc-perl5.42.0-Net-SMTP-SSL-1.04
  /nix/store/8h31ccf9syi561wf102fwy8j1m242cvx-perl5.42.0-Net-SSLeay-1.92
  /nix/store/11allq3d9dv0d9zwgglsh5a76w7j5psg-perl5.42.0-String-ShellQuote-1.04
  /nix/store/3ydsbwach15c83gizkx7k2dc6aq0x5i2-perl5.42.0-TermReadKey-2.38
  /nix/store/q8nbzdjnapwp1s30h6nycxcxfdi45vdy-perl5.42.0-Test-Fatal-0.017
  /nix/store/z0qpmhw2swl14w88qi06pd27vqf5xk61-perl5.42.0-Test-Needs-0.002010
  /nix/store/4nawjqpsqxq7wlkivrbg71vw1zqdqcgy-perl5.42.0-Test-RequiresInternet-0.05
  /nix/store/0fgraaxqjj7m1pa4zq9l4gn6aqr1fq2x-perl5.42.0-TimeDate-2.33
  /nix/store/1j5zkbqycpr2hq4dgwf0hf5bcg6mrz21-perl5.42.0-Try-Tiny-0.31
  /nix/store/rgbgbl7xx8rv9dh0rfa83ih3bjj8q48k-perl5.42.0-URI-5.21
  /nix/store/5zsikxi71ib484xhdfd21hpwnrb1vrn0-perl5.42.0-WWW-RobotRules-6.02
  /nix/store/fsbxsn290cczl6h07gkf6ik0vpar0b8r-perl5.42.0-libnet-3.15
  /nix/store/hfpjcx7l8jyh2fgjniw562yz3zvxxpw8-perl5.42.0-libwww-perl-6.72
  /nix/store/g5zvnzlk0by9y2vcplmalmzsz2vyif28-popt-1.19
  /nix/store/vba0rfdnp5365jvf6ga75h3ici3jkfdn-pre-switch-checks
  /nix/store/s08axbdmnxqyf9298ync9ralf98a1dwj-procps-4.0.6
  /nix/store/j2k8acr276rv9jb72h1kwny8hr0yv420-protobuf-c-1.5.2-lib
  /nix/store/c4953pxm8mhldyi6rlimx612s718lbma-publicsuffix-list-0-unstable-2026-05-13
  /nix/store/76jq0mngg7m8zv5yjz1qgg0xspzi8x2w-python3-3.13.15
  /nix/store/q9kpfnrsr93p1rviinns9bdhfxa20k0p-python3-3.13.15-env
  /nix/store/1575pxv04l533amdhcx9ficxxsg2pd0k-python3.13-dbus-python-1.4.0
  /nix/store/w1xagwb30h7ki25vhmiz38fhx0xdynh6-qrencode-4.1.1
  /nix/store/9gd1rz9hinpygz3fr0aqbydlchh4v7qm-raspberrypi-wireless-firmware-0-unstable-2025-04-08-zstd
  /nix/store/82s33k1avzb4acp3qaihlqkxsycxxajd-readline-8.3p3
  /nix/store/ls1s4r0zyf1wpsqcdzygw6k62anq66an-rsync-3.5.0
  /nix/store/8ndkalsv0w34l7hlfhr0zlp9vdixppfs-rt5677-firmware-4.16-10-zstd
  /nix/store/ba9xa92hl40h5gwq7cdma9lpv8f87bx0-rtl8192su-firmware-0-unstable-2016-10-05-zstd
  /nix/store/i5sxhywymw117vwdvyqixkjl6zs1k73k-rtl8761b-firmware-rtk1395-zstd
  /nix/store/qla4blr4xxfwkcv0asnk7w2y9z91x0r1-s2n-tls-1.7.6
  /nix/store/vc6dhrpzpccr0fsjs04ahf7hfaa876hs-screen-5.0.1
  /nix/store/6ka1dxh6djiprs9jjvw2p3905jg42cww-screen-5.0.1-man
  /nix/store/9sl1icq0brxqz0p9skaqrzghgn8sj77q-sdparm-1.12
  /nix/store/dprhj9y3fkvczs10jqib1mqdmq6cmqp3-sdparm-1.12-man
  /nix/store/54642367b2pcvqxlrmqpqslzfazxpr5h-security-wrapper-chsh-aarch64-unknown-linux-musl
  /nix/store/jy8wqpil9b6dgzwkk87y6d5w0rr30qrm-security-wrapper-fusermount-aarch64-unknown-linux-musl
  /nix/store/gvmjb88y3xfcgbnhwx2zz56v7vpqb5ck-security-wrapper-fusermount3-aarch64-unknown-linux-musl
  /nix/store/39s0bjyxgh9ddbs67s0g6pxz1rk5pnnx-security-wrapper-mount-aarch64-unknown-linux-musl
  /nix/store/3lbri2gj185c3mcy2nn1bzzjkzqrp0w6-security-wrapper-newgidmap-aarch64-unknown-linux-musl
  /nix/store/7c1961m2q6zkdkfih0f7ia813dl203pw-security-wrapper-newgrp-aarch64-unknown-linux-musl
  /nix/store/4nsm2b37v01s6b3lp74qiz50r2ys40d7-security-wrapper-newuidmap-aarch64-unknown-linux-musl
  /nix/store/q4lk7ny4lahyj52s7vissij7lgim51ln-security-wrapper-passwd-aarch64-unknown-linux-musl
  /nix/store/w0hdwqwm66rrx539s8yw3hfg1v65zywm-security-wrapper-sg-aarch64-unknown-linux-musl
  /nix/store/gv09k5ci7hiljpi4hnjhwz11inl4dr3y-security-wrapper-su-aarch64-unknown-linux-musl
  /nix/store/rvclnyshdg1zv3jzc9g772a7qb4gyj8h-security-wrapper-sudo-aarch64-unknown-linux-musl
  /nix/store/2kdgb2ddgydyy136wj512gxhbingbz0c-security-wrapper-sudoedit-aarch64-unknown-linux-musl
  /nix/store/m3bcdz4fdg1wzs97v0ifi1y8r5dhg344-security-wrapper-umount-aarch64-unknown-linux-musl
  /nix/store/69dngfjd66x1xg1v6mfbfchqs8633zq8-security-wrapper-unix_chkpwd-aarch64-unknown-linux-musl
  /nix/store/hy69p3isq502bh3pij12p8mwj9yk8cs8-shadow-4.19.4
  /nix/store/dplz061ag6f9zzj0y521fr4417pwafk8-shadow-4.19.4-man
  /nix/store/iw9y942bnk3dy43ffzhadizdzmb2l00y-shadow-4.19.4-su
  /nix/store/8anpv4mk7wp4a36dcclpfv42gsbcsa39-shared-mime-info-2.4
  /nix/store/wbdlq5bllnz6vi8fvmknllnxi7d14hp3-smartmontools-7.5
  /nix/store/3ygk5vncf9y9aldclpa2pqdpfxzqqj3p-smartmontools-7.5-man
  /nix/store/f065ga571q48csmy82v10higzw6s328y-socat-1.8.1.3
  /nix/store/7yawq3a91y19353x56gknzy62sqwpcss-sof-firmware-2025.12.2-zstd
  /nix/store/lqazgb1bylxycdsvpa1jp5awq0v5y3ph-sound-theme-freedesktop-0.8
  /nix/store/b12l94w0sqvwra4b4q1x44cx8zqap9fj-sqlite-3.51.2
  /nix/store/zxc6svdvf2vzw3b2l5hmsabsn6915j5i-sshd.conf-final
  /nix/store/236y5l42lysf5xv67fzazvjmhjvfr55l-sshfs-fuse-3.7.6
  /nix/store/d0dmkl77fj7n53xs7j1q77jfkdsb331j-sshfs-fuse-3.7.6-man
  /nix/store/awb01p1pwn6nxjymk2724swdnzg79m02-stdenv-linux
  /nix/store/x8a5x16n6vi3vrxz3bxg37wrdsj44l9n-stdenv-linux
  /nix/store/815c3902hyyq52xwwj89ah7dmd7ns6a9-strace-7.2
  /nix/store/gxb1a3yiibl1q74v7ljdb596pilyb7js-strace-7.2-man
  /nix/store/l0c5gkf8x0wx3sybgd1nxxzf1xl5ndrm-stub-ld-aarch64-unknown-linux-musl
  /nix/store/lg3i4fgpm2cxb4y1cwmxh6nhgxlkf9m5-sudo-1.9.17p2
  /nix/store/vklmh79ml6rxfvzq7y2fn333gr2gbrv0-sudo-1.9.17p2-man
  /nix/store/j0qg72npp3yyimm9m5v0asqlpkpkd587-sudoers
  /nix/store/dg8d82yn8k8jz2xlwm0jfhybz37bb2pj-switch-inhibitors
  /nix/store/zlqbjpsap7b2i44fw06982zfxfah4j7q-switch-to-configuration-0.1.0
  /nix/store/q2grxqz9iin43hlh6mcavvkdc3ji6v47-sysstat-12.7.7
  /nix/store/aia6gwf18hwc05932bmfldzj14bx2gwd-system-sendmail-1.0
  /nix/store/n2rg1ny19fickr5ksdf2k2ah6sj2l42s-systemd-260.4
  /nix/store/vbj8zd206qm6g50xygfw68fqzf71fmfa-systemd-260.4
  /nix/store/iij25j7wlm67s1ckznbh5ly40ni0s9bv-systemd-260.4-man
  /nix/store/cqsndvmjva76vhq2zp50cd8zlls3x3qm-systemd-default-tmpfiles
  /nix/store/a2zkiaya4d4vzr8p6v59ddxi8nam614l-systemd-generator-environment.json
  /nix/store/1f5frxh38kmz47a571svgmw4bsk2991p-systemd-minimal-260.4
  /nix/store/rzfwz4vm8lw4his5by6s87ag0z9sb82q-systemd-minimal-libs-260.4
  /nix/store/6p1khdj84j835spqsslfmbp0pf3jfhng-talloc-2.4.4
  /nix/store/dfpisv423z5m86pj9sjqld2knkzyxsbs-tcb-1.2
  /nix/store/89z5pljnmcbimqmzgb7krp8v328lxnz5-tcpdump-4.99.6
  /nix/store/zajf2f4shc9b19jqp08xg0g48j6bfb0p-testdisk-7.2
  /nix/store/5cfxax8aj7ngfjglz2nz38zblhkfvrc6-testdisk-7.2-man
  /nix/store/fir2h2da88lq40zb2zd531kkdc12bi21-time-1.10
  /nix/store/9vamzdz6wb9arqz4jhdi1bys8m0dmjm5-tpm2-tss-4.2.0
  /nix/store/kanjkj9awbcx1ay6x9lnp0p98l0pc0bw-tzdata-2026c
  /nix/store/vk29bmp0g1qqc5pbvylizwj510gqf230-udev-fido2
  /nix/store/r9h4snr0jnr2fkavmnc7wi35l4lsl096-unbound-1.26.0-lib
  /nix/store/a1hg5mx1x00fmxjris02b1p2m58s1xgk-unzip-6.0
  /nix/store/by5y6qqssjx99glna69bm6d1bw7ckmgm-update-autotools-gnu-config-scripts-hook
  /nix/store/k5rzhbca16vcp9fqj0m0bnw855ibkngq-usbutils-019
  /nix/store/i4amv2avbhh38h0bi7c5d1ahysqm11di-usbutils-019-man
  /nix/store/h5ljf188rl1drnxkz65xff9pk2cy8zjp-util-linux-2.42.3
  /nix/store/nfxvvnx2hl8xizpg3jc7ihzyc187ksjg-util-linux-2.42.3-bin
  /nix/store/mlkbg8r5qqjdrngpvlp4kdqibv7r5zcp-util-linux-2.42.3-dev
  /nix/store/c6v7w0f4sfkddwj5af52qg0anwb8h62j-util-linux-2.42.3-lastlog
  /nix/store/r7q3z3zr1ql96ylcj2vl93b1fn4zkqf4-util-linux-2.42.3-lib
  /nix/store/2bccm2671fwb80vqr4fl961ma16dh8rq-util-linux-2.42.3-login
  /nix/store/p5yi0ax5rysgkkw68aj9mxl8va097gc0-util-linux-2.42.3-man
  /nix/store/incs65hc01ydn8lkpvkhj221lbib987z-util-linux-2.42.3-mount
  /nix/store/7kmq5lw50ifvdzdcibl25gjscsxhhfxx-util-linux-2.42.3-swap
  /nix/store/cb7kc2ljkbmiklqc048l9l7pvqxjhqfa-util-linux-minimal-2.42.3-bin
  /nix/store/a1vmcnwzkw10k0a4r1pwyf0ixs5xbz4j-util-linux-minimal-2.42.3-lib
  /nix/store/9xqhxpagvh3s0vk9x5hyll41a78bsp3i-util-linux-minimal-2.42.3-login
  /nix/store/ggb77qryl9nhlybgz105vh3qk3nap3s6-util-linux-minimal-2.42.3-mount
  /nix/store/hyzmbwvf7jisvkf1is41jiz7ak8gxv35-util-linux-minimal-2.42.3-swap
  /nix/store/gf16xwsdkfn8dqdd82kxdvqyy0133nsg-vim-9.2.0541
  /nix/store/b7pmm34idwywxjshlqk5cklk41mix34g-vim-9.2.0541-xxd
  /nix/store/vq2rppdsixrwi92z1nfc00fgwf7dc3wc-w3m-0.5.6
  /nix/store/lf0y78x0hz3h0s890fb9x8pd7bcs3aaa-w3m-0.5.6-man
  /nix/store/rp0l91lxvmiajf6xcm3s2jgzin1k2kpy-which-2.23
  /nix/store/pkv9jjiv48qayavqh2c8l2m3pp704wig-which-2.23-man
  /nix/store/jgcsnfnwlk80m5zv1kd3zz0wiq0q02b5-wireless-regdb-2026.05.30-zstd
  /nix/store/crvml46jlni2q7mvcqvrjcys6sgyabh9-xauth-1.1.5
  /nix/store/rin5d8s8q58wxmks74430qk5d2l5rj5v-xfsprogs-6.19.0
  /nix/store/8zjb386sjnjqhbxspaaa7zdfanp4qxwj-xfsprogs-6.19.0-bin
  /nix/store/85p6bvvba6015afwg6v8b3j6p1za9ih9-xgcc-15.3.0-libgcc
  /nix/store/60pm80yadrp0ris29fzwjkgdp6a1c63s-xxhash-0.8.3
  /nix/store/303w5gv4xl60nf35yqa9pvxggd1q94wv-xz-5.8.4
  /nix/store/3i7gfrdz0i96lgb3pz791a8i6kpcm6d3-xz-5.8.4-bin
  /nix/store/bjq9854s9vgycrx5mnrv0xmhqvsn0mk2-xz-5.8.4-man
  /nix/store/fxf040hqrd9h848nxxiq522jijjxwmlb-zd1211-firmware-1.5-zstd
  /nix/store/i008nfqkh3jrp2n1dxylsj76y7251m9h-zfs-kernel-2.4.4-6.18.53
  /nix/store/pm2hpfva28gpjg00s3z0p8vw8yq2idhs-zfs-user-2.4.4
  /nix/store/0akz2a3lg0x33rsxgj2113hgvs520pyw-zfs-user-2.4.4-man
  /nix/store/5h8dliynnzdwdwar8iy8gyn9hd7xhbz4-zip-3.0
  /nix/store/s7mnqvr1ikjkqf0li81rsy3khjm8sl49-zlib-1.3.2
  /nix/store/pwwpmwjdmk34smyfkf61ksyp7h5kdv45-zlib-1.3.2-static
  /nix/store/6fhxdm9f25c7h86nadfy8qim4h9hq04d-zlib-ng-2.3.3
  /nix/store/i8f26lwk8i93hmiyrmsy752m6nwi4pmk-zstd-1.5.7
  /nix/store/01623a8kcyp04gbqsal6fys34yfigd02-zstd-1.5.7-bin
  /nix/store/9h8n7h5kayw8i7800jxjgm53q5jgdxpw-zstd-1.5.7-man
copying path '/nix/store/h5ljf188rl1drnxkz65xff9pk2cy8zjp-util-linux-2.42.3' from 'https://cache.nixos.org'...
copying path '/nix/store/dxcxh5djhkszm81lhhzrxbxc7rvg1g08-gnu-config-2024-01-01' from 'https://mirrors.ustc.edu.cn/nix-channels/store'...
copying path '/nix/store/85p6bvvba6015afwg6v8b3j6p1za9ih9-xgcc-15.3.0-libgcc' from 'https://mirrors.ustc.edu.cn/nix-channels/store'...
copying path '/nix/store/w90r6z6c4w2yhwlr29nch5js471a3n01-gcc-15.3.0-libgcc' from 'https://mirrors.ustc.edu.cn/nix-channels/store'...
copying path '/nix/store/pznjp3srz80504q7hnpw676k0ns5vw67-libunistring-1.4.2' from 'https://mirrors.ustc.edu.cn/nix-channels/store'...
copying path '/nix/store/nrd7l2ky475r6pcpqyvy4fg8wvs7ilrc-linux-headers-6.18.7' from 'https://mirrors.ustc.edu.cn/nix-channels/store'...
copying path '/nix/store/1xfxvr41y7lx1accr8p1fa5v29n5m4jh-check-sshd-config' from 'https://cache.nixos.org'...
copying path '/nix/store/6wd7w8w34dqgf6mxppn887z7jj977sjh-ensure-all-wrappers-paths-exist' from 'https://cache.nixos.org'...
copying path '/nix/store/bfxpngvk54cx6q2yw3gb9b5gymbak132-glibc-locales-2.42-84' from 'https://cache.nixos.org'...
copying path '/nix/store/nxj7vzg83q8zh2gydrc77a2a5553hmq5-linux-6.18.53' from 'https://cache.nixos.org'...
copying path '/nix/store/dg8d82yn8k8jz2xlwm0jfhybz37bb2pj-switch-inhibitors' from 'https://cache.nixos.org'...
copying path '/nix/store/azb1m0xjnvrgfmxl4qzwsh5ah5p1h3rc-die-hook' from 'https://mirrors.ustc.edu.cn/nix-channels/store'...
copying path '/nix/store/7p4rp9j9kby8dh4hhfh8wig79rkw48nn-empty-inhibitors' from 'https://cache.nixos.org'...
copying path '/nix/store/imyiapvv47yi767887wpxmrzl17rmyg1-55-nixos-aslr-entropy.conf' from 'https://cache.nixos.org'...
copying path '/nix/store/ag7kn51h22pz9522z2v6p8x29lnvzldv-acl-2.4.0-man' from 'https://cache.nixos.org'...
copying path '/nix/store/09gnic6v95f4bxz2nxrc5pf5h8m07idy-alsa-firmware-1.2.4-zstd' from 'https://cache.nixos.org'...
copying path '/nix/store/ymfb6nqijfy8kj0xcyynim3cdgsvsl0z-attr-2.6.0-man' from 'https://cache.nixos.org'...
copying path '/nix/store/gyx45y9hcf8iw4dwypjmyp7wcbbl0fki-bash-completion-2.17.0' from 'https://cache.nixos.org'...
copying path '/nix/store/wz9cs2zx3zmbsy56bhh643qrwlpf46fj-bash-interactive-5.3p9-man' from 'https://mirrors.ustc.edu.cn/nix-channels/store'...
copying path '/nix/store/584nzlqb5s3phf2jq17dxvh1s3csgja2-btrfs-progs-6.19.1-man' from 'https://cache.nixos.org'...
copying path '/nix/store/g10hhmml8blwjpbyc3kkdm5yfrigfxj3-busybox-1.37.0' from 'https://mirrors.ustc.edu.cn/nix-channels/store'...
copying path '/nix/store/0v3kymzwg728p3ilmb44pbxcypbpszah-bzip2-1.0.8-man' from 'https://mirrors.ustc.edu.cn/nix-channels/store'...
copying path '/nix/store/8ckydxyn7apvizka3hlndcxmcyplwwdy-ccrypt-1.11-man' from 'https://cache.nixos.org'...
copying path '/nix/store/f8yf7k3i3d2fhylk0z5k19hzadrkjsg3-cifs-utils-7.5-man' from 'https://cache.nixos.org'...
copying path '/nix/store/d5yzh5niiawcn7n62dvicb1jvjsp27j2-cryptsetup-2.8.6-man' from 'https://cache.nixos.org'...
copying path '/nix/store/33fhcf2if01jmiymf7ikzba82qx84ym4-curl-8.22.0-man' from 'https://mirrors.ustc.edu.cn/nix-channels/store'...
copying path '/nix/store/g3m1bs0h41v88rz1434i1hp156vjszmd-dbus-1.16.2-man' from 'https://mirrors.ustc.edu.cn/nix-channels/store'...
copying path '/nix/store/dm5hznvzvhcq5gahm5ihx2n2m16yj706-ddrescue-1.30-man' from 'https://cache.nixos.org'...
copying path '/nix/store/vi6f08p4d6r7d20gka86xvaxbmlr9f4w-dejavu-fonts-minimal-2.37' from 'https://mirrors.ustc.edu.cn/nix-channels/store'...
copying path '/nix/store/laakwd83lda7xyf88f71jgz3ajvj6w54-dns-root-data-2025-04-14' from 'https://mirrors.ustc.edu.cn/nix-channels/store'...
copying path '/nix/store/h53lgwlw5i9hxfarc68dwig28hqyh23w-dosfstools-4.2-man' from 'https://cache.nixos.org'...
copying path '/nix/store/5y9d4lbf6893jhakpmjq83rqwmy6j0s8-e2fsprogs-1.47.4-man' from 'https://cache.nixos.org'...
copying path '/nix/store/aya4cgifw1ngy2sxwz65hicbbzbqfrpb-efibootmgr-18-man' from 'https://cache.nixos.org'...
copying path '/nix/store/7v34nq5ljlffsq3kam1l900yks9c7jcw-efivar-39-man' from 'https://cache.nixos.org'...
copying path '/nix/store/2j3iib9794dnpm2zfbhnzvij40f293ml-f2fs-tools-1.16.0-man' from 'https://cache.nixos.org'...
copying path '/nix/store/axykpbjc8559q60iydif3679zd8ba70v-fc-10-nixos-rendering.conf' from 'https://cache.nixos.org'...
copying path '/nix/store/fqpyn3bp5azqsc3n9s83i57wzgczx64f-fc-52-nixos-default-fonts.conf' from 'https://cache.nixos.org'...
copying path '/nix/store/cwbgrfjy84s7lnd9c37hhdn4nixkxp8d-fc-53-nixos-reject-type1.conf' from 'https://cache.nixos.org'...
copying path '/nix/store/9hwzcwvg8j227rgkdvs0045h2dkcmhp2-fc-53-no-bitmaps.conf' from 'https://cache.nixos.org'...
copying path '/nix/store/r8hmpapz5b9yyz23c3q28vgalm4acjbw-fc-cache' from 'https://cache.nixos.org'...
copying path '/nix/store/618fz258f0g8yy79q4dq9q0bc8qinwza-find-xml-catalogs-hook' from 'https://mirrors.ustc.edu.cn/nix-channels/store'...
copying path '/nix/store/fy3pyynjfpfzh9blsg4kx1kb1riwakai-fontconfig-2.17.1' from 'https://mirrors.ustc.edu.cn/nix-channels/store'...
copying path '/nix/store/6v566i3b57xvprwvwhack4mriw4lf84q-gawk-5.4.1-man' from 'https://mirrors.ustc.edu.cn/nix-channels/store'...
copying path '/nix/store/ykqp52ks30hgi3wzpx10zvbf6zxin4kw-gen-hostid' from 'https://cache.nixos.org'...
copying path '/nix/store/sg6krch5s5v5i56sknibyv0zjqhhfgw6-git-2.54.0-doc' from 'https://mirrors.ustc.edu.cn/nix-channels/store'...
copying path '/nix/store/xx4nrz023628808affm1fcs25ds2xza5-gptfdisk-1.0.10-man' from 'https://cache.nixos.org'...
copying path '/nix/store/y0lch49lfcjnmib26sbq035piiyjgc62-gzip-1.14-man' from 'https://mirrors.ustc.edu.cn/nix-channels/store'...
copying path '/nix/store/7k508pvx3vmv19ahrz7kj6jc51l7dcy2-hicolor-icon-theme-0.18' from 'https://mirrors.ustc.edu.cn/nix-channels/store'...
copying path '/nix/store/3yfgr9gm4vrvwk281bnmh368bmdywkvi-hostname-debian-3.25-man' from 'https://mirrors.ustc.edu.cn/nix-channels/store'...
copying path '/nix/store/bv6q54p2yibz5994yfnjsiqiq4hd4lxw-htop-3.5.1-man' from 'https://cache.nixos.org'...
copying path '/nix/store/bn81v3ngfg150ymglglgbh8bac49v1n4-iana-etc-20251215' from 'https://mirrors.ustc.edu.cn/nix-channels/store'...
copying path '/nix/store/aby98wg3z1wy8zyx5d258xr893aa3ajm-install-shell-files' from 'https://mirrors.ustc.edu.cn/nix-channels/store'...
copying path '/nix/store/1b489wxzml1k3ffdfzqljcv4yziippsb-iptables-1.8.13-man' from 'https://cache.nixos.org'...
copying path '/nix/store/cfx0wvg4x3jbwii6yh5bb0vqsak6mnns-iputils-20250605-man' from 'https://cache.nixos.org'...
copying path '/nix/store/lqasn0w9sp7y9ari3pc5la548mjc53bx-ipw2200-firmware-3.1-zstd' from 'https://cache.nixos.org'...
copying path '/nix/store/facz5l38db77fzm7hajgjkh0miz9bvg5-jq-1.8.2-man' from 'https://mirrors.ustc.edu.cn/nix-channels/store'...
copying path '/nix/store/dpc0czhnwbpa3n5jhf3s933n7fn8imy8-kbd-2.9.0-man' from 'https://cache.nixos.org'...
copying path '/nix/store/vg767vrs80i1mbnigl6ch7nlhkm1na19-kmod-31-man' from 'https://cache.nixos.org'...
copying path '/nix/store/dr77gl7fpz81401a6idlsc1jviim77i9-kmod-blacklist-31+20240202-2ubuntu8' from 'https://cache.nixos.org'...
copying path '/nix/store/f7wr7d2ql9dnmk7yd74yv0mf1pgd1i2a-kmod-debian-aliases.conf-30+20230601-2' from 'https://cache.nixos.org'...
copying path '/nix/store/3vc5g2vx0cw40x6ilw2i4b2vl2nh4jn0-fc-00-nixos-cache.conf' from 'https://cache.nixos.org'...
copying path '/nix/store/k5zafgkmsmabsbpbsv0w4nr7f6kl683x-less-692-man' from 'https://mirrors.ustc.edu.cn/nix-channels/store'...
copying path '/nix/store/xrib5gw0yhjljv2lja76m8vx1iql60mb-libcap-2.77-man' from 'https://mirrors.ustc.edu.cn/nix-channels/store'...
copying path '/nix/store/998by43lpid9xfpm7s8wdwqd82bj61rd-libidn2-2.3.8' from 'https://mirrors.ustc.edu.cn/nix-channels/store'...
copying path '/nix/store/g6xd0pq52ksb2c75nq8fj5k1z25r0hzi-libreelec-dvb-firmware-1.5.0-zstd' from 'https://cache.nixos.org'...
copying path '/nix/store/4zxbq970lbdwk21idyzdiq0indw85v08-linux-6.18.53-modules' from 'https://cache.nixos.org'...
copying path '/nix/store/cnhq9zj4c7spdinvvh4vd7yw4xiv5v4w-linux-firmware-20260916-zstd' from 'https://mirrors.ustc.edu.cn/nix-channels/store'...
copying path '/nix/store/mrwsfaa4116c5l9rrc7hvz2wzr98rxdz-linux-headers-static-6.18.7' from 'https://cache.nixos.org'...
copying path '/nix/store/50a5dy7cbrjjdhpdza0nlkvglh040vac-linux-pam-1.7.2-man' from 'https://cache.nixos.org'...
copying path '/nix/store/73in4x2qfkfsw5fjg2wvhpigymyjsdss-lvm2-2.03.39-man' from 'https://cache.nixos.org'...
copying path '/nix/store/4cqmyclqqdd82bb07f6ciafkbbb8an6s-mailcap-2.1.54' from 'https://mirrors.ustc.edu.cn/nix-channels/store'...
copying path '/nix/store/sidpx3xjg2x7xhhdw9zl7h2i65ifkmw2-mkpasswd-5.6.6-man' from 'https://cache.nixos.org'...
copying path '/nix/store/shf3m6di7sgrl1c9pk3rdf0zlw9ml671-glibc-2.42-84' from 'https://mirrors.ustc.edu.cn/nix-channels/store'...
copying path '/nix/store/qn6kdw6r1zsbzc51713b3h0hjazrmy7w-ms-sys-2.8.0-man' from 'https://cache.nixos.org'...
copying path '/nix/store/kd57vb7f6ssaw4pi2mk1bw3fhj7m0a66-mtools-4.0.49-man' from 'https://cache.nixos.org'...
copying path '/nix/store/qi4lsjxml25l4a6xk4q4di71r71x1wxh-nano-9.2-man' from 'https://cache.nixos.org'...
copying path '/nix/store/nfx0b1pxkp3q6apdnrxy7xzfvi377s3b-ncurses-6.6-man' from 'https://cache.nixos.org'...
copying path '/nix/store/fm2cikn5b03cw3wb230bgavhizn1sa02-fontconfig-conf' from 'https://cache.nixos.org'...
copying path '/nix/store/sxi9r3r4in38sl1f6a22zfwq9r3gp92w-nix-bash-completions-0.6.8' from 'https://cache.nixos.org'...
copying path '/nix/store/d2kr2pgadczns2azsrqinrsdhh7bpiyv-nss-cacert-3.126' from 'https://mirrors.ustc.edu.cn/nix-channels/store'...
copying path '/nix/store/jqx5m5j2arm8lk3dspyjm64wrsv9nyzr-acl-2.4.0' from 'https://mirrors.ustc.edu.cn/nix-channels/store'...
copying path '/nix/store/p3mlcjv3jyaym9s1rpccvjz9hq83vzs6-attr-2.6.0' from 'https://mirrors.ustc.edu.cn/nix-channels/store'...
copying path '/nix/store/gpa45vqjb748zrpdyic6fjslncdry5yh-acl-2.4.0-bin' from 'https://mirrors.ustc.edu.cn/nix-channels/store'...
copying path '/nix/store/khbc5p30xpwwvq0xwv71bnfl9p88finw-attr-2.6.0-bin' from 'https://mirrors.ustc.edu.cn/nix-channels/store'...
copying path '/nix/store/ps8vklcpxn0312cpncnspfqhc5klh1b2-aws-c-common-0.12.4' from 'https://mirrors.ustc.edu.cn/nix-channels/store'...
copying path '/nix/store/pbjg9k27s3v1wp5s8c6pb23s0m69yjwz-bash-5.3p9' from 'https://mirrors.ustc.edu.cn/nix-channels/store'...
copying path '/nix/store/4n04a60p1diviawm7apsm0a8yf4kd8ic-aws-c-compression-0.3.1' from 'https://mirrors.ustc.edu.cn/nix-channels/store'...
copying path '/nix/store/v6gbll8nlvn25i6y45ivvbhd8f94xraa-aws-c-sdkutils-0.2.4' from 'https://mirrors.ustc.edu.cn/nix-channels/store'...
copying path '/nix/store/x2rlvvw2i6a073nzbsmm65rxw43krjf5-aws-checksums-0.2.7' from 'https://mirrors.ustc.edu.cn/nix-channels/store'...
copying path '/nix/store/xncihsyn3z0lb0wpqgk159kh5wpa8gl8-brotli-1.2.0-lib' from 'https://mirrors.ustc.edu.cn/nix-channels/store'...
copying path '/nix/store/qxfgs9g26zc15dpjx9g9v6pjqb8cszj5-bzip2-1.0.8' from 'https://mirrors.ustc.edu.cn/nix-channels/store'...
copying path '/nix/store/wywr2q2sjcbpfk8c1c712zyw6alljjpd-c-rbtree-3.2.0' from 'https://cache.nixos.org'...
copying path '/nix/store/jmi50kvs1w5acsbpqwwhr0x6r9xksbg8-c-shquote-1.1.0' from 'https://cache.nixos.org'...
copying path '/nix/store/njxwn6i614pgfwzr3wyigwdc1nxjqkg1-c-utf8-1.1.0' from 'https://cache.nixos.org'...
copying path '/nix/store/wnnx81g011g63car16lv1lyvi3j25cxa-cpio-2.15' from 'https://cache.nixos.org'...
copying path '/nix/store/3jx4v8p6cxmvgb0q5wgi95dip8p2g30y-bzip2-1.0.8-bin' from 'https://mirrors.ustc.edu.cn/nix-channels/store'...
copying path '/nix/store/wyrx03x4y8bq9596mk08rr03xzb92a9x-dosfstools-4.2' from 'https://cache.nixos.org'...
copying path '/nix/store/c5m5znp4y6pk7r27s5nlb14f61ma4hzx-ed-1.22.5' from 'https://mirrors.ustc.edu.cn/nix-channels/store'...
copying path '/nix/store/31ckp4yw8zrw0y9qnb7lc44l8yl8h7i6-editline-1.17.1-unstable-2025-05-24' from 'https://mirrors.ustc.edu.cn/nix-channels/store'...
copying path '/nix/store/0268hiksp8aivb88ni3z1rf7awp2fspq-efivar-39' from 'https://cache.nixos.org'...
copying path '/nix/store/hl29hcs0zy1bw4sh3wz87vsym8fx7081-expand-response-params' from 'https://mirrors.ustc.edu.cn/nix-channels/store'...
copying path '/nix/store/6nbsy3nxv3ahp4nki8k6bwx43rjh5wbx-expat-2.8.4' from 'https://mirrors.ustc.edu.cn/nix-channels/store'...
copying path '/nix/store/bx4qp7pham1sxj3z7gzdg7s2xswlc03f-fstrm-0.6.1' from 'https://mirrors.ustc.edu.cn/nix-channels/store'...
copying path '/nix/store/zc4hbfn72nqhslq0186zf66amkyaqa4q-gawk-5.4.1' from 'https://mirrors.ustc.edu.cn/nix-channels/store'...
copying path '/nix/store/bjk38qs79irxsjl0557nckcn014qld31-gcc-15.3.0-lib' from 'https://mirrors.ustc.edu.cn/nix-channels/store'...
copying path '/nix/store/05fpim9ra40s1q3yn89qjkm4b45qiimp-gdbm-1.26-lib' from 'https://mirrors.ustc.edu.cn/nix-channels/store'...
copying path '/nix/store/j2ylql2cbrsbyrgm21pk2pn5p4m716pr-getopt-1.1.6' from 'https://cache.nixos.org'...
copying path '/nix/store/5hd12qgii4c6pncl07b9sbb08imqa0sm-glibc-2.42-84-bin' from 'https://mirrors.ustc.edu.cn/nix-channels/store'...
copying path '/nix/store/d3mwpy07fap8yvd4q44acg8j4848vm56-glibc-2.42-84-getent' from 'https://cache.nixos.org'...
copying path '/nix/store/hymbsvpk4k5z2p59b2rmanf699rdnk98-boehm-gc-8.2.12' from 'https://mirrors.ustc.edu.cn/nix-channels/store'...
copying path '/nix/store/v1b648sm7f9ns2mdh2l4x7lh472sks8y-boehm-gc-8.2.12' from 'https://cache.nixos.org'...
copying path '/nix/store/hy45qj6iin5grzqccymnnmvkg6npyg1m-db-4.8.30' from 'https://mirrors.ustc.edu.cn/nix-channels/store'...
copying path '/nix/store/w8hg2rmgqa28w69rnd5pm7fb174wk1qj-db-5.3.28' from 'https://mirrors.ustc.edu.cn/nix-channels/store'...
copying path '/nix/store/zg2giiqip3yv74jj97yxsh7a4371jw9z-ddrescue-1.30' from 'https://cache.nixos.org'...
copying path '/nix/store/16y73vaxh6jspw8liz9ahkjlywpfvr32-getconf-glibc-2.42-84' from 'https://cache.nixos.org'...
copying path '/nix/store/1xw8dmg1gadg3azlzdf4203sp6ifbj6w-gettext-1.0' from 'https://mirrors.ustc.edu.cn/nix-channels/store'...
copying path '/nix/store/bmy3kwy9ap95i36rfjm2nn9amjys57jn-glibc-2.42-84-dev' from 'https://mirrors.ustc.edu.cn/nix-channels/store'...
copying path '/nix/store/5bi9p7qdzbrbldmk02i1xwyc1g2zdfyx-gmp-6.3.0' from 'https://mirrors.ustc.edu.cn/nix-channels/store'...
copying path '/nix/store/4w037q8rkfxs2ig1yhq41g8ninqmhlac-gmp-with-cxx-6.3.0' from 'https://mirrors.ustc.edu.cn/nix-channels/store'...
copying path '/nix/store/jx1438km9id4mbal2fbnb8h0qlv2k0nl-gmp-with-cxx-6.3.0' from 'https://mirrors.ustc.edu.cn/nix-channels/store'...
copying path '/nix/store/j8kqxywc8v1y3q4hy4rs4p24idihsxh2-gnumake-4.4.1' from 'https://mirrors.ustc.edu.cn/nix-channels/store'...
copying path '/nix/store/k1niaby0ybj5y1kpl8x7r17c0g7xn05w-gnused-4.10' from 'https://mirrors.ustc.edu.cn/nix-channels/store'...
copying path '/nix/store/fl0k50cdb33a5xxzlzmz5782yw66rj4r-coreutils-9.11' from 'https://mirrors.ustc.edu.cn/nix-channels/store'...
copying path '/nix/store/2hs8hcaf6n2s4lbg1q1w1ggq83hfwr2l-gnutar-1.35' from 'https://mirrors.ustc.edu.cn/nix-channels/store'...
copying path '/nix/store/x9q1f0wsr94x2hab8lpkhjz3m6mm8xqi-diffutils-3.12' from 'https://mirrors.ustc.edu.cn/nix-channels/store'...
copying path '/nix/store/vmvcjsjl7wr4ks7nshn0ys2f06nw98f4-findutils-4.10.0' from 'https://mirrors.ustc.edu.cn/nix-channels/store'...
copying path '/nix/store/40m2gjk4zllsysv56f05j3brkd7bxnhy-gnutar-1.35' from 'https://mirrors.ustc.edu.cn/nix-channels/store'...
copying path '/nix/store/yw64drhf12kds03j5395bs4fcpzjna3q-groff-1.24.1' from 'https://mirrors.ustc.edu.cn/nix-channels/store'...
copying path '/nix/store/gj2c8h3gcc6wha17zwqsjib3plnlvh6k-gzip-1.14' from 'https://mirrors.ustc.edu.cn/nix-channels/store'...
copying path '/nix/store/24pxdpfwqqp55hq0hlm7i8aw36xgcwka-hdparm-9.65' from 'https://cache.nixos.org'...
copying path '/nix/store/gwzg3dm7cflm4g1ppl1l0s07i7sfkfhs-hostname-debian-3.25' from 'https://mirrors.ustc.edu.cn/nix-channels/store'...
copying path '/nix/store/y8qi265ayybqgh3rm4azb7wvj2kzzdp6-hwloc-2.13.0-lib' from 'https://mirrors.ustc.edu.cn/nix-channels/store'...
copying path '/nix/store/f768k2klbzy50ks9qwb5bk6g1q8n50gm-hostname-hostname-debian-3.25' from 'https://mirrors.ustc.edu.cn/nix-channels/store'...
copying path '/nix/store/qyjdipyx0qrw8g28374shxxh9wk5y3qm-icu4c-76.1' from 'https://mirrors.ustc.edu.cn/nix-channels/store'...
copying path '/nix/store/0r9djg4g4f1x8hwd6h963cnxnflk5iy8-inih-62' from 'https://cache.nixos.org'...
copying path '/nix/store/28c885yzr9mpzhslbfha7b8w0gnxzwnd-isl-0.20' from 'https://mirrors.ustc.edu.cn/nix-channels/store'...
copying path '/nix/store/ihfz7a75f9rib27ab9j5rdjf2q3k83mr-jemalloc-5.3.1' from 'https://mirrors.ustc.edu.cn/nix-channels/store'...
copying path '/nix/store/3iyny6ahnz3qwc951j5mysgw6hai4hjd-json-c-0.18' from 'https://mirrors.ustc.edu.cn/nix-channels/store'...
copying path '/nix/store/kdl5pg1i0qvzds3zkbdh5l925f7kb7nk-keyutils-1.6.3-lib' from 'https://mirrors.ustc.edu.cn/nix-channels/store'...
copying path '/nix/store/bld6n80jzf8s533s493f4y54i27jqg90-libaio-0.3.113' from 'https://cache.nixos.org'...
copying path '/nix/store/g63fmq769rczikkva9k299kcqpxcyrbn-libapparmor-4.1.7' from 'https://mirrors.ustc.edu.cn/nix-channels/store'...
copying path '/nix/store/1ldvz6zcsr0sh76ryhl9gq7f2dlck5g5-c-dvar-1.2.0' from 'https://cache.nixos.org'...
copying path '/nix/store/qwpfwmlx5r52rk2ma47dg7s19dywycha-libcap-2.77-lib' from 'https://mirrors.ustc.edu.cn/nix-channels/store'...
copying path '/nix/store/cr51p61bgnqzkw43k4bvxc9vv5cvnfbr-c-ini-1.1.0' from 'https://cache.nixos.org'...
copying path '/nix/store/h3c4lkaamj1h4jfamis6ngz7a84ky801-libcap-ng-0.9.3' from 'https://mirrors.ustc.edu.cn/nix-channels/store'...
copying path '/nix/store/9b2vasg3f351pfhg5a3401281wv1s86b-iputils-20250605' from 'https://cache.nixos.org'...
copying path '/nix/store/zpw7g5zwjacjbij6nrch9jmz4awq199g-audit-4.2.1-lib' from 'https://mirrors.ustc.edu.cn/nix-channels/store'...
copying path '/nix/store/als1k7d1h59f377jdd3a634i87qi480r-libcbor-0.13.0' from 'https://mirrors.ustc.edu.cn/nix-channels/store'...
copying path '/nix/store/d74qm3p1jnqwcshw6djc3kqs6y894jxi-fakeroot-1.37.2' from 'https://cache.nixos.org'...
copying path '/nix/store/56y4jj2jj18fs5q0l4bcvs5pvvww5ly0-getent-glibc-2.42-84' from 'https://cache.nixos.org'...
copying path '/nix/store/xmj0q1n848iqxv85blm8x7h2jjbk5wif-libevent-2.1.13' from 'https://mirrors.ustc.edu.cn/nix-channels/store'...
copying path '/nix/store/8b6qm04bg2vbnl6qkiziwc3y1i9xsg4l-libfaketime-0.9.11' from 'https://cache.nixos.org'...
copying path '/nix/store/6vi85bklzd151wd8s1winh3cr9lc4q9v-efivar-39-bin' from 'https://cache.nixos.org'...
copying path '/nix/store/il9s1vwcwfwsdcjsgkzf7q44jsqn0nv6-libffi-3.8.0' from 'https://mirrors.ustc.edu.cn/nix-channels/store'...
copying path '/nix/store/c8glw474n3izrd2d03skfip066dfsf17-libgpg-error-1.59' from 'https://mirrors.ustc.edu.cn/nix-channels/store'...
copying path '/nix/store/faffkshpp9pi6332a95rj454b4b2gyqc-libice-1.1.2' from 'https://mirrors.ustc.edu.cn/nix-channels/store'...
copying path '/nix/store/yvqvbh9gdivgzqmhsi0ddjmprdbyjm0z-libjpeg-turbo-3.1.4' from 'https://mirrors.ustc.edu.cn/nix-channels/store'...
copying path '/nix/store/0hrhi14r3hhgxj001rh6r2rwb449h8fm-libmd-1.1.0' from 'https://mirrors.ustc.edu.cn/nix-channels/store'...
copying path '/nix/store/rvc05x905vr5q4a18gfin1ij9rry9wjn-libassuan-3.0.2' from 'https://mirrors.ustc.edu.cn/nix-channels/store'...
copying path '/nix/store/hzz2n31qffvbjkvf33njmchv6xg2cl2m-libgcrypt-1.12.2-lib' from 'https://mirrors.ustc.edu.cn/nix-channels/store'...
copying path '/nix/store/mw2zy8md61yqf8646lk4v4gcdnnmgcdg-libbsd-0.12.2' from 'https://mirrors.ustc.edu.cn/nix-channels/store'...
copying path '/nix/store/szjlbx15v0qvls0w74yg3jf40925qkgg-libksba-1.6.7' from 'https://mirrors.ustc.edu.cn/nix-channels/store'...
copying path '/nix/store/b6pr1icz0pr463r24mi2yksn4pzs5xwj-libmnl-1.0.5' from 'https://mirrors.ustc.edu.cn/nix-channels/store'...
copying path '/nix/store/13b697w3s7xxbq64xjz1kxqzgv5h3frl-libnfnetlink-1.0.2' from 'https://mirrors.ustc.edu.cn/nix-channels/store'...
copying path '/nix/store/5z51xllfpdv5cl5qy6n1028jy0rriz2x-libnl-3.12.0' from 'https://mirrors.ustc.edu.cn/nix-channels/store'...
copying path '/nix/store/43jnmxcf6znjhaa6g02762xg27f7l9az-libpipeline-1.5.8' from 'https://mirrors.ustc.edu.cn/nix-channels/store'...
copying path '/nix/store/jlgk0pspszq8q65graflpwkdjaqn6bmn-libnftnl-1.3.1' from 'https://mirrors.ustc.edu.cn/nix-channels/store'...
copying path '/nix/store/wldgdk5wyvg98bz5rh98bwgdk9g8hqr4-libnetfilter_conntrack-1.1.1' from 'https://mirrors.ustc.edu.cn/nix-channels/store'...
copying path '/nix/store/9kmag2jp1ar36l2wd6vvr8gm47ngcqwk-libressl-4.2.1' from 'https://cache.nixos.org'...
copying path '/nix/store/y0zkmf8g4qgi39g0fs4cvxsmp8qyypj2-libpcap-1.10.6-lib' from 'https://mirrors.ustc.edu.cn/nix-channels/store'...
copying path '/nix/store/6yl96mb9j1jz0kcp0zk7va7182y8x0cd-libseccomp-2.6.1-lib' from 'https://mirrors.ustc.edu.cn/nix-channels/store'...
copying path '/nix/store/fji7cm3i3ykx0ijkibrl01fwrpiha7cl-libsodium-1.0.22-unstable-2026-04-09' from 'https://mirrors.ustc.edu.cn/nix-channels/store'...
copying path '/nix/store/5c5nnb01ad55yp4742nwkxf0xg4i977x-libtasn1-4.21.0' from 'https://mirrors.ustc.edu.cn/nix-channels/store'...
copying path '/nix/store/h25nikgchrdj2a0mcfbd312cpb9rqbi5-libtool-2.5.4-lib' from 'https://mirrors.ustc.edu.cn/nix-channels/store'...
copying path '/nix/store/1d1g0hk6bwify96bwnjqn2271rq6qcdn-liburcu-0.15.6' from 'https://mirrors.ustc.edu.cn/nix-channels/store'...
copying path '/nix/store/63hikf8g13iy3vp4aysbrgmp4s8189f5-libuv-1.52.1' from 'https://mirrors.ustc.edu.cn/nix-channels/store'...
copying path '/nix/store/7nmg10wgl8liijy5nf40isp3qv585dqx-iptables-1.8.13-lib' from 'https://mirrors.ustc.edu.cn/nix-channels/store'...
copying path '/nix/store/h226dp3hj4q8mb099i06l3yrxw485vg5-libxau-1.0.12' from 'https://mirrors.ustc.edu.cn/nix-channels/store'...
copying path '/nix/store/hd6l5d2rs8870y32x16rzcf4sdrxgxl5-libxcrypt-4.5.2' from 'https://mirrors.ustc.edu.cn/nix-channels/store'...
copying path '/nix/store/q3j7v42y62b7mcr590j7wwdy3vcqc24v-libxdmcp-1.1.5' from 'https://mirrors.ustc.edu.cn/nix-channels/store'...
copying path '/nix/store/xjnvfcp3i347rp7zncsw5vdp7wgnpyaf-libxml2-2.15.4' from 'https://mirrors.ustc.edu.cn/nix-channels/store'...
copying path '/nix/store/sw8hfmw4c1d07grw5hqwj52s0g3lyzzh-llhttp-9.4.3' from 'https://mirrors.ustc.edu.cn/nix-channels/store'...
copying path '/nix/store/6z8bc6f2rz64m26j1g9f7413zi99dkz4-lm-sensors-3.6.2' from 'https://cache.nixos.org'...
copying path '/nix/store/avxkn59ljklmgfkdx02j4r08c91hmnf5-lndir-1.0.5' from 'https://mirrors.ustc.edu.cn/nix-channels/store'...
copying path '/nix/store/qasavqykdi2pbjw0c6kspwzqhhh1ysk1-libxcb-1.17.0' from 'https://mirrors.ustc.edu.cn/nix-channels/store'...
copying path '/nix/store/iv8c0881b9bqmnmbrcizskwsh55fqcqw-ccrypt-1.11' from 'https://cache.nixos.org'...
copying path '/nix/store/x945z5p8sc0fi6knpck2rnljc9053c4q-libxslt-1.1.45' from 'https://mirrors.ustc.edu.cn/nix-channels/store'...
copying path '/nix/store/46bjza42x7fbd16dngdc78a4ddl5nxd3-lowdown-3.0.1-lib' from 'https://mirrors.ustc.edu.cn/nix-channels/store'...
copying path '/nix/store/yq0c2jhzc3877vagbkwxinm80wajlkh6-lz4-1.10.0-lib' from 'https://mirrors.ustc.edu.cn/nix-channels/store'...
copying path '/nix/store/g50wsyk5fijgvs3y1vyi3g8hylsxh98b-libx11-1.8.13' from 'https://mirrors.ustc.edu.cn/nix-channels/store'...
copying path '/nix/store/44969jdj007l1skb4ywb7avf25wr5w2a-lzo-2.10' from 'https://mirrors.ustc.edu.cn/nix-channels/store'...
copying path '/nix/store/rwwnm3w0mg5hq4vkpbqqa3mhz7vfzkxb-make-initrd-ng-0.1.0' from 'https://cache.nixos.org'...
copying path '/nix/store/y4hiancmrbaamh1fw63gl8hc9s7lyj89-libxslt-1.1.45-bin' from 'https://mirrors.ustc.edu.cn/nix-channels/store'...
copying path '/nix/store/9v8s5d6hf2f2cl7db2chh24zs6bgrzn1-make-shell-wrapper-hook' from 'https://mirrors.ustc.edu.cn/nix-channels/store'...
copying path '/nix/store/i0nrfmbimqzi1r23fk62qqswqn74n0fn-libxext-1.3.7' from 'https://mirrors.ustc.edu.cn/nix-channels/store'...
copying path '/nix/store/1k0arbf1gpgzbbrj5i7my0r00fvmd7gc-mkpasswd-5.6.6' from 'https://cache.nixos.org'...
copying path '/nix/store/5i4j9a4klbzx649alzmm9kwwh2p8sxs3-mpdecimal-4.0.1' from 'https://mirrors.ustc.edu.cn/nix-channels/store'...
copying path '/nix/store/1fs5ppmszl70g70b8ssc9xskqa6ib8d4-mpfr-4.2.2' from 'https://mirrors.ustc.edu.cn/nix-channels/store'...
copying path '/nix/store/1aggy3qf4pv1374pl7w348ql1r843x38-ms-sys-2.8.0' from 'https://cache.nixos.org'...
copying path '/nix/store/cx5q33dkvjgv84chpw5ccmy1h6s1px41-mtools-4.0.49' from 'https://cache.nixos.org'...
copying path '/nix/store/z562q0zl18584d4adq22hm0ldpj13j8n-ncurses-6.6' from 'https://mirrors.ustc.edu.cn/nix-channels/store'...
copying path '/nix/store/hszwklzsaidzclnd5bkk048i6rk52nhi-nettle-3.10.2' from 'https://mirrors.ustc.edu.cn/nix-channels/store'...
copying path '/nix/store/4icwpw7jxpg4pgyd367sj06x8navqbzj-libmpc-1.4.0' from 'https://mirrors.ustc.edu.cn/nix-channels/store'...
copying path '/nix/store/ldd2qqjrac3cyckh1xj298xhsl62xv7p-nghttp2-1.69.0-lib' from 'https://mirrors.ustc.edu.cn/nix-channels/store'...
copying path '/nix/store/an3xcxap2j8gv6zlxlxndl5q5h3lgwxk-nghttp3-1.15.0' from 'https://mirrors.ustc.edu.cn/nix-channels/store'...
copying path '/nix/store/61xwg1p0cip7lzchwahy4g8f6d2rjd0r-nixos-init-0.1.0' from 'https://cache.nixos.org'...
copying path '/nix/store/71lnq0d14kvgp8l2wi4kvjvj5jqjbmfd-gpm-unstable-2020-06-17' from 'https://cache.nixos.org'...
copying path '/nix/store/vj24qlzj9p2zalllxyx6sh2g5dnvsp3r-libedit-20251016-3.1' from 'https://mirrors.ustc.edu.cn/nix-channels/store'...
copying path '/nix/store/h80srw51v38iwl4h2pkxm5z1hvrsy7dq-npth-1.8' from 'https://mirrors.ustc.edu.cn/nix-channels/store'...
copying path '/nix/store/nj56jxdhvbjc8vv5l1c6wvajb6wr35ka-nsncd-1.5.3' from 'https://cache.nixos.org'...
copying path '/nix/store/15r4fi9l01m0dgfa30hdpqml68q2cxl1-nss-cacert-3.126-p11kit' from 'https://cache.nixos.org'...
copying path '/nix/store/z8y75wijwi7fik74p880dwvqjjbg96ms-ntfs3g-2026.7.7-man' from 'https://cache.nixos.org'...
copying path '/nix/store/av3mn26d2g2x8rafnnc092bqmjhwyhfq-onetbb-2022.3.0' from 'https://mirrors.ustc.edu.cn/nix-channels/store'...
copying path '/nix/store/k53fnc4hz9s33i468xgh8x7r28rn9y1p-dash-0.5.13.3' from 'https://mirrors.ustc.edu.cn/nix-channels/store'...
copying path '/nix/store/dlip21vsgm937xhmlzcb15c3h8k1wd61-oniguruma-6.9.10-lib' from 'https://mirrors.ustc.edu.cn/nix-channels/store'...
copying path '/nix/store/7nvg46jymm7rgz3vqflbah5ifcv7fwfz-libblake3-1.8.5' from 'https://mirrors.ustc.edu.cn/nix-channels/store'...
copying path '/nix/store/iqdwiwzr8xwcd30wgi2ir3jjsrmdvvx7-openresolv-3.17.4' from 'https://cache.nixos.org'...
copying path '/nix/store/4a46qs435k4hgbxfdc6wkf2xviw702ra-jq-1.8.2' from 'https://mirrors.ustc.edu.cn/nix-channels/store'...
copying path '/nix/store/y91dznibnylg7j85lwdscbvp5xk01m40-openssh-10.5p1-man' from 'https://cache.nixos.org'...
copying path '/nix/store/6x56wf80yfc0fxxhpn3miynvwwygics5-jq-1.8.2-bin' from 'https://mirrors.ustc.edu.cn/nix-channels/store'...
copying path '/nix/store/925pp1xa98cr78dm56gbdwlxi35z5cm3-openssl-3.6.4' from 'https://mirrors.ustc.edu.cn/nix-channels/store'...
copying path '/nix/store/fd5812aa2ml4xqa4apa00rfwai9q4wgx-jq-1.8.2-dev' from 'https://mirrors.ustc.edu.cn/nix-channels/store'...
copying path '/nix/store/65bi87bb9g1pj7i58baymrx9lbciw66z-libressl-4.2.1-nc' from 'https://cache.nixos.org'...
copying path '/nix/store/v3qwhrkiip41pq3z42sadgs2n1iky0xw-aws-c-cal-0.9.2' from 'https://mirrors.ustc.edu.cn/nix-channels/store'...
copying path '/nix/store/aklb41f5nvq8g6fv0gidkf2l8jndp59f-coreutils-full-9.11' from 'https://cache.nixos.org'...
copying path '/nix/store/h2fci31fwhzj29x5iafbv5w0q8c60ycq-krb5-1.22.2-lib' from 'https://mirrors.ustc.edu.cn/nix-channels/store'...
copying path '/nix/store/m8i5hvgpnp8ckd5grq9i9c5hgbafc4av-ldns-1.9.2' from 'https://cache.nixos.org'...
copying path '/nix/store/4r4bpifqk81mvsd2n34bijkzhdnlbi9n-libewf-legacy-20140816' from 'https://cache.nixos.org'...
copying path '/nix/store/sd0vgm0rl9j1rshvlqn9plcp7k7ymkp7-cyrus-sasl-2.1.28' from 'https://mirrors.ustc.edu.cn/nix-channels/store'...
copying path '/nix/store/pkarg10sgng49f967rljliy2ghxzpd8r-libnvme-1.16.1' from 'https://cache.nixos.org'...
copying path '/nix/store/cwqpxr087yckgr31qmxl4zlnh7ckv0r4-libtirpc-1.3.7' from 'https://cache.nixos.org'...
copying path '/nix/store/1y93yxlqgdg0jxgnmjxyrwqx3pv3cc8g-libtpms-0.10.2' from 'https://mirrors.ustc.edu.cn/nix-channels/store'...
copying path '/nix/store/kllbfsbpasdl332js3k89yq9n5rrcmmd-ngtcp2-1.22.1' from 'https://mirrors.ustc.edu.cn/nix-channels/store'...
copying path '/nix/store/zv52balyfa20v9mffn07z2l7j382x399-openldap-2.6.13' from 'https://mirrors.ustc.edu.cn/nix-channels/store'...
copying path '/nix/store/fiax6lghvygvj93d00gj48qm1k2wx508-p11-kit-0.26.2' from 'https://mirrors.ustc.edu.cn/nix-channels/store'...
copying path '/nix/store/7d8qy70pg1h9ahwrmnjks8m87czklgni-parted-3.7-man' from 'https://cache.nixos.org'...
copying path '/nix/store/vza9p0cagq2c8b4r7gjn8dig2bp2zpca-patch-2.8' from 'https://mirrors.ustc.edu.cn/nix-channels/store'...
copying path '/nix/store/rd9jkh3lmg1ambncpw35ja1dhvri4w76-patchelf-0.15.2' from 'https://mirrors.ustc.edu.cn/nix-channels/store'...
copying path '/nix/store/fndd9wz9rr7307pmy32vckb5ijb7kqpa-pciutils-3.15.0-man' from 'https://cache.nixos.org'...
copying path '/nix/store/7vk7y82k774yrgjas6rknfzmjzncp5a9-pcre2-10.48' from 'https://mirrors.ustc.edu.cn/nix-channels/store'...
copying path '/nix/store/f9k04rxdxg9bj7pmqxd73gbyzb0wcpph-pcsclite-2.4.1-lib' from 'https://mirrors.ustc.edu.cn/nix-channels/store'...
copying path '/nix/store/11mn2iil48l0cyn7f4bkppphdzyl61fa-perl-5.42.0-man' from 'https://mirrors.ustc.edu.cn/nix-channels/store'...
copying path '/nix/store/a0smilgjbsf0pjj2kwcp8nsqczq09r96-perl5.42.0-Clone-0.46' from 'https://mirrors.ustc.edu.cn/nix-channels/store'...
copying path '/nix/store/a50v3h9f7a5cbxwbq51zja52x82as7jk-perl5.42.0-Crypt-URandom-0.55' from 'https://mirrors.ustc.edu.cn/nix-channels/store'...
copying path '/nix/store/wl0hci0qczn9wx2z2xcr9nv5gd3gw84z-perl5.42.0-Digest-HMAC-1.05' from 'https://mirrors.ustc.edu.cn/nix-channels/store'...
copying path '/nix/store/cj4kjij91bz89ash94mbridcd9kpraa3-perl5.42.0-Encode-Locale-1.05' from 'https://mirrors.ustc.edu.cn/nix-channels/store'...
copying path '/nix/store/npmygba8m4pvzpjql1fx4gy80rnalghq-perl5.42.0-FCGI-0.82' from 'https://mirrors.ustc.edu.cn/nix-channels/store'...
copying path '/nix/store/9as3xlh35qffr4hh6xavbs4hxvgf81yk-gnugrep-3.12' from 'https://mirrors.ustc.edu.cn/nix-channels/store'...
copying path '/nix/store/08gz5qvyf0n11f6h0abb48d31q388hh5-less-692' from 'https://mirrors.ustc.edu.cn/nix-channels/store'...
copying path '/nix/store/b4428j56jvlryjvdf6kkdba7gz7hjncg-libselinux-3.10' from 'https://mirrors.ustc.edu.cn/nix-channels/store'...
copying path '/nix/store/s9v9gkslwz38ss1kmkhz89lvcmn3hf3k-perl5.42.0-FCGI-ProcManager-0.28' from 'https://mirrors.ustc.edu.cn/nix-channels/store'...
copying path '/nix/store/cs1i4nkmydz4ys2knkw4q2xxh94x0ycn-perl5.42.0-Authen-SASL-2.1900' from 'https://mirrors.ustc.edu.cn/nix-channels/store'...
copying path '/nix/store/c6qda483j4pwam66bylnmrfl7c13xqf6-perl5.42.0-File-Slurp-9999.32' from 'https://cache.nixos.org'...
copying path '/nix/store/q0n3akjnr7dwclag22qzr0qi4ackh0l1-perl5.42.0-HTML-TagCloud-0.38' from 'https://mirrors.ustc.edu.cn/nix-channels/store'...
copying path '/nix/store/d818lyizvrl1gcp3hgy4xr0bsgy0qirk-perl5.42.0-HTML-Tagset-3.20' from 'https://mirrors.ustc.edu.cn/nix-channels/store'...
copying path '/nix/store/fxcys941shndj1drp7qg5f22j8ak5kcl-perl5.42.0-IO-HTML-1.004' from 'https://mirrors.ustc.edu.cn/nix-channels/store'...
copying path '/nix/store/ijdsv0gq4494xhxdq530nlljgh54mi96-perl5.42.0-IO-Stringy-2.113' from 'https://cache.nixos.org'...
copying path '/nix/store/gkk8m7bmgwjqjb4x56f1c71mfwh2hyjw-perl5.42.0-JSON-4.10' from 'https://cache.nixos.org'...
copying path '/nix/store/jg88ncq9746rgbrq14zaaqpzmx2r0z69-perl5.42.0-LWP-MediaTypes-6.04' from 'https://mirrors.ustc.edu.cn/nix-channels/store'...
copying path '/nix/store/rc0iyb0yx7czhcyxc6h3jvq76n8g768l-perl5.42.0-Mozilla-CA-20230821' from 'https://mirrors.ustc.edu.cn/nix-channels/store'...
copying path '/nix/store/8h31ccf9syi561wf102fwy8j1m242cvx-perl5.42.0-Net-SSLeay-1.92' from 'https://mirrors.ustc.edu.cn/nix-channels/store'...
copying path '/nix/store/3ydsbwach15c83gizkx7k2dc6aq0x5i2-perl5.42.0-TermReadKey-2.38' from 'https://mirrors.ustc.edu.cn/nix-channels/store'...
copying path '/nix/store/z0qpmhw2swl14w88qi06pd27vqf5xk61-perl5.42.0-Test-Needs-0.002010' from 'https://mirrors.ustc.edu.cn/nix-channels/store'...
copying path '/nix/store/4nawjqpsqxq7wlkivrbg71vw1zqdqcgy-perl5.42.0-Test-RequiresInternet-0.05' from 'https://mirrors.ustc.edu.cn/nix-channels/store'...
copying path '/nix/store/0fgraaxqjj7m1pa4zq9l4gn6aqr1fq2x-perl5.42.0-TimeDate-2.33' from 'https://mirrors.ustc.edu.cn/nix-channels/store'...
copying path '/nix/store/1j5zkbqycpr2hq4dgwf0hf5bcg6mrz21-perl5.42.0-Try-Tiny-0.31' from 'https://mirrors.ustc.edu.cn/nix-channels/store'...
copying path '/nix/store/rgbgbl7xx8rv9dh0rfa83ih3bjj8q48k-perl5.42.0-URI-5.21' from 'https://mirrors.ustc.edu.cn/nix-channels/store'...
copying path '/nix/store/8r71dad45bpximd73wy95q8r1193hzar-perl5.42.0-IO-Socket-SSL-2.083' from 'https://mirrors.ustc.edu.cn/nix-channels/store'...
copying path '/nix/store/fsbxsn290cczl6h07gkf6ik0vpar0b8r-perl5.42.0-libnet-3.15' from 'https://mirrors.ustc.edu.cn/nix-channels/store'...
copying path '/nix/store/g5zvnzlk0by9y2vcplmalmzsz2vyif28-popt-1.19' from 'https://mirrors.ustc.edu.cn/nix-channels/store'...
copying path '/nix/store/vba0rfdnp5365jvf6ga75h3ici3jkfdn-pre-switch-checks' from 'https://cache.nixos.org'...
copying path '/nix/store/j2k8acr276rv9jb72h1kwny8hr0yv420-protobuf-c-1.5.2-lib' from 'https://mirrors.ustc.edu.cn/nix-channels/store'...
copying path '/nix/store/8w4qfdarmdmsw517vpkkhhaqdr1mf1nl-perl5.42.0-HTTP-Date-6.06' from 'https://mirrors.ustc.edu.cn/nix-channels/store'...
copying path '/nix/store/w1jwggaknfg842c6hccck6y2l8hip8s1-perl5.42.0-Net-HTTP-6.23' from 'https://mirrors.ustc.edu.cn/nix-channels/store'...
copying path '/nix/store/01r8s3mya87x3800bhjd2wfisprnzrkc-perl5.42.0-Net-SMTP-SSL-1.04' from 'https://mirrors.ustc.edu.cn/nix-channels/store'...
copying path '/nix/store/q8nbzdjnapwp1s30h6nycxcxfdi45vdy-perl5.42.0-Test-Fatal-0.017' from 'https://mirrors.ustc.edu.cn/nix-channels/store'...
copying path '/nix/store/5zsikxi71ib484xhdfd21hpwnrb1vrn0-perl5.42.0-WWW-RobotRules-6.02' from 'https://mirrors.ustc.edu.cn/nix-channels/store'...
copying path '/nix/store/c4953pxm8mhldyi6rlimx612s718lbma-publicsuffix-list-0-unstable-2026-05-13' from 'https://mirrors.ustc.edu.cn/nix-channels/store'...
copying path '/nix/store/mfiq8hvnx2wvxr7ny824p1zywqrh5rk5-perl5.42.0-File-Listing-6.16' from 'https://mirrors.ustc.edu.cn/nix-channels/store'...
copying path '/nix/store/si3v7n8wdv6lsan55s1ghjg1r0xxaf8x-bind-9.20.29-lib' from 'https://mirrors.ustc.edu.cn/nix-channels/store'...
copying path '/nix/store/xm4an6pbdjp43bf8l5zy86fcj2m93ff8-nvme-cli-2.16' from 'https://cache.nixos.org'...
copying path '/nix/store/q0bwigwg7qz69byjhjb8xpagnl2jjgig-efibootmgr-18' from 'https://cache.nixos.org'...
copying path '/nix/store/jxp06r3vl61vp9brpd5gqqglg0kyzxkm-logrotate-3.22.0' from 'https://cache.nixos.org'...
copying path '/nix/store/521mka4laswmsrla0nr64nds0iac56aa-perl5.42.0-HTTP-CookieJar-0.014' from 'https://mirrors.ustc.edu.cn/nix-channels/store'...
copying path '/nix/store/1gaw8995biw2lkx07rv7skz2w1qdsnik-perl5.42.0-HTTP-Message-6.45' from 'https://mirrors.ustc.edu.cn/nix-channels/store'...
copying path '/nix/store/w1xagwb30h7ki25vhmiz38fhx0xdynh6-qrencode-4.1.1' from 'https://mirrors.ustc.edu.cn/nix-channels/store'...
copying path '/nix/store/9gd1rz9hinpygz3fr0aqbydlchh4v7qm-raspberrypi-wireless-firmware-0-unstable-2025-04-08-zstd' from 'https://cache.nixos.org'...
copying path '/nix/store/dd9p2ywqccf0yxjylasmp96idfbg5shc-libpsl-0.21.5' from 'https://mirrors.ustc.edu.cn/nix-channels/store'...
copying path '/nix/store/82s33k1avzb4acp3qaihlqkxsycxxajd-readline-8.3p3' from 'https://mirrors.ustc.edu.cn/nix-channels/store'...
copying path '/nix/store/8ndkalsv0w34l7hlfhr0zlp9vdixppfs-rt5677-firmware-4.16-10-zstd' from 'https://cache.nixos.org'...
copying path '/nix/store/q7b1qzbmmj6givzh8p3vcslf8yyjgyq9-bind-9.20.29-host' from 'https://cache.nixos.org'...
copying path '/nix/store/ba9xa92hl40h5gwq7cdma9lpv8f87bx0-rtl8192su-firmware-0-unstable-2016-10-05-zstd' from 'https://cache.nixos.org'...
copying path '/nix/store/i5sxhywymw117vwdvyqixkjl6zs1k73k-rtl8761b-firmware-rtk1395-zstd' from 'https://cache.nixos.org'...
copying path '/nix/store/c9niik67cvwbbxlj97waw6xz5c88dyx7-perl5.42.0-HTML-Parser-3.81' from 'https://mirrors.ustc.edu.cn/nix-channels/store'...
copying path '/nix/store/p3brjxha0p305yjs16jihvpfwhxw77s5-perl5.42.0-HTTP-Cookies-6.10' from 'https://mirrors.ustc.edu.cn/nix-channels/store'...
copying path '/nix/store/4j8j3jrcg8qgw14935xig9qj039r7c41-perl5.42.0-HTTP-Daemon-6.17' from 'https://mirrors.ustc.edu.cn/nix-channels/store'...
copying path '/nix/store/d7wwjvmwmndbm8fmgsaj1hifn2ml2iln-bash-interactive-5.3p9' from 'https://mirrors.ustc.edu.cn/nix-channels/store'...
copying path '/nix/store/59frwrvsb2hsk09qk2q0mgdmzpyzmdb8-perl5.42.0-CGI-4.59' from 'https://mirrors.ustc.edu.cn/nix-channels/store'...
copying path '/nix/store/c61mr48msd05ya5jii1a6c6q5aslr536-perl5.42.0-HTTP-Negotiate-6.01' from 'https://mirrors.ustc.edu.cn/nix-channels/store'...
copying path '/nix/store/qla4blr4xxfwkcv0asnk7w2y9z91x0r1-s2n-tls-1.7.6' from 'https://mirrors.ustc.edu.cn/nix-channels/store'...
copying path '/nix/store/6ka1dxh6djiprs9jjvw2p3905jg42cww-screen-5.0.1-man' from 'https://cache.nixos.org'...
copying path '/nix/store/9jj93mgksq38ffx50hr2f8la1m78bhda-perl5.42.0-Config-IniFiles-3.000003' from 'https://cache.nixos.org'...
copying path '/nix/store/9sl1icq0brxqz0p9skaqrzghgn8sj77q-sdparm-1.12' from 'https://cache.nixos.org'...
copying path '/nix/store/60w4j3pr0dbp3ix5nbinz5f5xp9cnmj6-perl5.42.0-CGI-Fast-2.16' from 'https://mirrors.ustc.edu.cn/nix-channels/store'...
copying path '/nix/store/dprhj9y3fkvczs10jqib1mqdmq6cmqp3-sdparm-1.12-man' from 'https://cache.nixos.org'...
copying path '/nix/store/dplz061ag6f9zzj0y521fr4417pwafk8-shadow-4.19.4-man' from 'https://mirrors.ustc.edu.cn/nix-channels/store'...
copying path '/nix/store/c3v02xg206wpy5m118kd750wyh9a97j6-iptables-1.8.13' from 'https://mirrors.ustc.edu.cn/nix-channels/store'...
copying path '/nix/store/4mblxci3qy5v985x4vlb0iiw77grg1d1-aws-c-io-0.27.2' from 'https://mirrors.ustc.edu.cn/nix-channels/store'...
copying path '/nix/store/g3ra67azckws6jc06qgal323a29jnkcb-nix-info' from 'https://cache.nixos.org'...
copying path '/nix/store/9ijfs8b6zqhx5csags02c3km67jdwfr4-nixos-firewall-tool' from 'https://cache.nixos.org'...
copying path '/nix/store/3ygk5vncf9y9aldclpa2pqdpfxzqqj3p-smartmontools-7.5-man' from 'https://cache.nixos.org'...
copying path '/nix/store/f065ga571q48csmy82v10higzw6s328y-socat-1.8.1.3' from 'https://cache.nixos.org'...
copying path '/nix/store/lllzln27mrc51rjjh749a69bi0775nn6-aws-c-event-stream-0.7.0' from 'https://mirrors.ustc.edu.cn/nix-channels/store'...
copying path '/nix/store/hdb5qkl3vw1ycnwv81wyi0qw6nvzrm3z-aws-c-http-0.11.0' from 'https://mirrors.ustc.edu.cn/nix-channels/store'...
copying path '/nix/store/7yawq3a91y19353x56gknzy62sqwpcss-sof-firmware-2025.12.2-zstd' from 'https://cache.nixos.org'...
copying path '/nix/store/lqazgb1bylxycdsvpa1jp5awq0v5y3ph-sound-theme-freedesktop-0.8' from 'https://cache.nixos.org'...
copying path '/nix/store/d0dmkl77fj7n53xs7j1q77jfkdsb331j-sshfs-fuse-3.7.6-man' from 'https://cache.nixos.org'...
copying path '/nix/store/gxb1a3yiibl1q74v7ljdb596pilyb7js-strace-7.2-man' from 'https://cache.nixos.org'...
copying path '/nix/store/z2jmmibqnmzfnxqj3nnw3m9b2y7v262c-aws-c-auth-0.9.1' from 'https://mirrors.ustc.edu.cn/nix-channels/store'...
copying path '/nix/store/fwvdkqiglc8qis5j4zrjb1f73g86hyi1-aws-c-mqtt-0.13.3' from 'https://mirrors.ustc.edu.cn/nix-channels/store'...
copying path '/nix/store/l0c5gkf8x0wx3sybgd1nxxzf1xl5ndrm-stub-ld-aarch64-unknown-linux-musl' from 'https://cache.nixos.org'...
copying path '/nix/store/vklmh79ml6rxfvzq7y2fn333gr2gbrv0-sudo-1.9.17p2-man' from 'https://cache.nixos.org'...
copying path '/nix/store/j0qg72npp3yyimm9m5v0asqlpkpkd587-sudoers' from 'https://cache.nixos.org'...
copying path '/nix/store/q2grxqz9iin43hlh6mcavvkdc3ji6v47-sysstat-12.7.7' from 'https://cache.nixos.org'...
copying path '/nix/store/aia6gwf18hwc05932bmfldzj14bx2gwd-system-sendmail-1.0' from 'https://cache.nixos.org'...
copying path '/nix/store/iij25j7wlm67s1ckznbh5ly40ni0s9bv-systemd-260.4-man' from 'https://cache.nixos.org'...
copying path '/nix/store/89z5pljnmcbimqmzgb7krp8v328lxnz5-tcpdump-4.99.6' from 'https://cache.nixos.org'...
copying path '/nix/store/5cfxax8aj7ngfjglz2nz38zblhkfvrc6-testdisk-7.2-man' from 'https://cache.nixos.org'...
copying path '/nix/store/lqd2n43bqx2h1gwixwrm01xj0gzyda3v-aws-c-s3-0.8.7' from 'https://mirrors.ustc.edu.cn/nix-channels/store'...
copying path '/nix/store/fir2h2da88lq40zb2zd531kkdc12bi21-time-1.10' from 'https://cache.nixos.org'...
copying path '/nix/store/kanjkj9awbcx1ay6x9lnp0p98l0pc0bw-tzdata-2026c' from 'https://mirrors.ustc.edu.cn/nix-channels/store'...
copying path '/nix/store/82x399w501jhyf7c7sy3bdyn9fvhlhlc-aws-crt-cpp-0.34.3' from 'https://mirrors.ustc.edu.cn/nix-channels/store'...
copying path '/nix/store/vq4dscv90jsxm5p1mq8wbnc8zbzbimw4-libcap-2.77' from 'https://mirrors.ustc.edu.cn/nix-channels/store'...
copying path '/nix/store/vk29bmp0g1qqc5pbvylizwj510gqf230-udev-fido2' from 'https://cache.nixos.org'...
copying path '/nix/store/r9h4snr0jnr2fkavmnc7wi35l4lsl096-unbound-1.26.0-lib' from 'https://mirrors.ustc.edu.cn/nix-channels/store'...
copying path '/nix/store/a1hg5mx1x00fmxjris02b1p2m58s1xgk-unzip-6.0' from 'https://cache.nixos.org'...
copying path '/nix/store/by5y6qqssjx99glna69bm6d1bw7ckmgm-update-autotools-gnu-config-scripts-hook' from 'https://mirrors.ustc.edu.cn/nix-channels/store'...
copying path '/nix/store/i4amv2avbhh38h0bi7c5d1ahysqm11di-usbutils-019-man' from 'https://cache.nixos.org'...
copying path '/nix/store/49afbzjh3j6xagypzjq8nxswzxbhw2r6-gnutls-3.8.13' from 'https://mirrors.ustc.edu.cn/nix-channels/store'...
copying path '/nix/store/p5yi0ax5rysgkkw68aj9mxl8va097gc0-util-linux-2.42.3-man' from 'https://cache.nixos.org'...
copying path '/nix/store/2i2fpzljqvh2qazd3spr4z0y38dl8ncg-libmicrohttpd-1.0.2' from 'https://mirrors.ustc.edu.cn/nix-channels/store'...
copying path '/nix/store/a1vmcnwzkw10k0a4r1pwyf0ixs5xbz4j-util-linux-minimal-2.42.3-lib' from 'https://mirrors.ustc.edu.cn/nix-channels/store'...
copying path '/nix/store/9xqhxpagvh3s0vk9x5hyll41a78bsp3i-util-linux-minimal-2.42.3-login' from 'https://mirrors.ustc.edu.cn/nix-channels/store'...
copying path '/nix/store/gf16xwsdkfn8dqdd82kxdvqyy0133nsg-vim-9.2.0541' from 'https://cache.nixos.org'...
copying path '/nix/store/b7pmm34idwywxjshlqk5cklk41mix34g-vim-9.2.0541-xxd' from 'https://cache.nixos.org'...
copying path '/nix/store/lf0y78x0hz3h0s890fb9x8pd7bcs3aaa-w3m-0.5.6-man' from 'https://cache.nixos.org'...
copying path '/nix/store/8mgwabddzgrjjv7nkijxrkq5smzbjqpp-e2fsprogs-1.47.4' from 'https://mirrors.ustc.edu.cn/nix-channels/store'...
copying path '/nix/store/86zcn0n0dmnc8cic73hq7xg6r8m3f228-f2fs-tools-1.16.0-lib' from 'https://cache.nixos.org'...
copying path '/nix/store/l8bvqs13xl8ajv9bhk4zhxwm6187dj4y-glib-2.88.3' from 'https://mirrors.ustc.edu.cn/nix-channels/store'...
copying path '/nix/store/6g0arflakrz16gk7xcns9jlasw9gq0i4-gptfdisk-1.0.10' from 'https://cache.nixos.org'...
copying path '/nix/store/bqjv18cn5xg391kagirf0gkxmfg4dxzw-libsm-1.2.6' from 'https://mirrors.ustc.edu.cn/nix-channels/store'...
copying path '/nix/store/m7r7g9kzbxgbvcmbgsa72sqq2ycznx0k-nfs-utils-2.9.1-lib' from 'https://cache.nixos.org'...
copying path '/nix/store/rzfwz4vm8lw4his5by6s87ag0z9sb82q-systemd-minimal-libs-260.4' from 'https://mirrors.ustc.edu.cn/nix-channels/store'...
copying path '/nix/store/ggb77qryl9nhlybgz105vh3qk3nap3s6-util-linux-minimal-2.42.3-mount' from 'https://mirrors.ustc.edu.cn/nix-channels/store'...
copying path '/nix/store/hyzmbwvf7jisvkf1is41jiz7ak8gxv35-util-linux-minimal-2.42.3-swap' from 'https://mirrors.ustc.edu.cn/nix-channels/store'...
copying path '/nix/store/rp0l91lxvmiajf6xcm3s2jgzin1k2kpy-which-2.23' from 'https://mirrors.ustc.edu.cn/nix-channels/store'...
copying path '/nix/store/ysisrrzpl4c8rrkag2677fr6czr6gf4f-libxt-1.3.1' from 'https://mirrors.ustc.edu.cn/nix-channels/store'...
copying path '/nix/store/sywplmgp7z47cggm1snxk3lfkzwpig82-desktop-file-utils-0.28' from 'https://mirrors.ustc.edu.cn/nix-channels/store'...
copying path '/nix/store/2m0a2gqva38qambmlbhmhbw9xzfv6r4k-htop-3.5.1' from 'https://cache.nixos.org'...
copying path '/nix/store/3rmql91wm8ajx52racjy4r34vn5v5jk4-libfido2-1.17.0' from 'https://mirrors.ustc.edu.cn/nix-channels/store'...
copying path '/nix/store/6izswyldybmkj9i8r50cql3knzhzgp8z-libusb-1.0.29' from 'https://mirrors.ustc.edu.cn/nix-channels/store'...
copying path '/nix/store/v98lw5i9c6f5k38av4i4wmji8qhni1dp-linux-pam-1.7.2' from 'https://mirrors.ustc.edu.cn/nix-channels/store'...
copying path '/nix/store/yx061llr04fw4b68n1vxly43q5i431w7-lvm2-2.03.39-lib' from 'https://mirrors.ustc.edu.cn/nix-channels/store'...
copying path '/nix/store/s08axbdmnxqyf9298ync9ralf98a1dwj-procps-4.0.6' from 'https://mirrors.ustc.edu.cn/nix-channels/store'...
copying path '/nix/store/lrqwr2q9a8aijzvlpkbjg2byh3rjjn0k-libxmu-1.3.1' from 'https://mirrors.ustc.edu.cn/nix-channels/store'...
copying path '/nix/store/8anpv4mk7wp4a36dcclpfv42gsbcsa39-shared-mime-info-2.4' from 'https://mirrors.ustc.edu.cn/nix-channels/store'...
copying path '/nix/store/wbdlq5bllnz6vi8fvmknllnxi7d14hp3-smartmontools-7.5' from 'https://cache.nixos.org'...
copying path '/nix/store/k5rzhbca16vcp9fqj0m0bnw855ibkngq-usbutils-019' from 'https://cache.nixos.org'...
copying path '/nix/store/pkv9jjiv48qayavqh2c8l2m3pp704wig-which-2.23-man' from 'https://mirrors.ustc.edu.cn/nix-channels/store'...
copying path '/nix/store/vc6dhrpzpccr0fsjs04ahf7hfaa876hs-screen-5.0.1' from 'https://cache.nixos.org'...
copying path '/nix/store/kcm317qi87683wil52p2jcqdj9vv1iky-cryptsetup-2.8.6' from 'https://mirrors.ustc.edu.cn/nix-channels/store'...
copying path '/nix/store/hc08mdcyrzg9n3dvv1frq7ay1ybdcxc8-lvm2-2.03.39-bin' from 'https://cache.nixos.org'...
copying path '/nix/store/69dngfjd66x1xg1v6mfbfchqs8633zq8-security-wrapper-unix_chkpwd-aarch64-unknown-linux-musl' from 'https://cache.nixos.org'...
copying path '/nix/store/lg3i4fgpm2cxb4y1cwmxh6nhgxlkf9m5-sudo-1.9.17p2' from 'https://cache.nixos.org'...
copying path '/nix/store/dfpisv423z5m86pj9sjqld2knkzyxsbs-tcb-1.2' from 'https://mirrors.ustc.edu.cn/nix-channels/store'...
copying path '/nix/store/jgcsnfnwlk80m5zv1kd3zz0wiq0q02b5-wireless-regdb-2026.05.30-zstd' from 'https://cache.nixos.org'...
copying path '/nix/store/jqixdygpg8w82xqzniprx65rjxyzfwm0-cryptsetup-2.8.6-bin' from 'https://cache.nixos.org'...
copying path '/nix/store/hy69p3isq502bh3pij12p8mwj9yk8cs8-shadow-4.19.4' from 'https://mirrors.ustc.edu.cn/nix-channels/store'...
copying path '/nix/store/crvml46jlni2q7mvcqvrjcys6sgyabh9-xauth-1.1.5' from 'https://mirrors.ustc.edu.cn/nix-channels/store'...
copying path '/nix/store/54642367b2pcvqxlrmqpqslzfazxpr5h-security-wrapper-chsh-aarch64-unknown-linux-musl' from 'https://cache.nixos.org'...
copying path '/nix/store/3lbri2gj185c3mcy2nn1bzzjkzqrp0w6-security-wrapper-newgidmap-aarch64-unknown-linux-musl' from 'https://cache.nixos.org'...
copying path '/nix/store/1xl5jasdwi0hiaaadvi1h0kya6hp1r8x-f2fs-tools-1.16.0' from 'https://cache.nixos.org'...
copying path '/nix/store/7c1961m2q6zkdkfih0f7ia813dl203pw-security-wrapper-newgrp-aarch64-unknown-linux-musl' from 'https://cache.nixos.org'...
copying path '/nix/store/4nsm2b37v01s6b3lp74qiz50r2ys40d7-security-wrapper-newuidmap-aarch64-unknown-linux-musl' from 'https://cache.nixos.org'...
copying path '/nix/store/q4lk7ny4lahyj52s7vissij7lgim51ln-security-wrapper-passwd-aarch64-unknown-linux-musl' from 'https://cache.nixos.org'...
copying path '/nix/store/w0hdwqwm66rrx539s8yw3hfg1v65zywm-security-wrapper-sg-aarch64-unknown-linux-musl' from 'https://cache.nixos.org'...
copying path '/nix/store/iw9y942bnk3dy43ffzhadizdzmb2l00y-shadow-4.19.4-su' from 'https://mirrors.ustc.edu.cn/nix-channels/store'...
copying path '/nix/store/rin5d8s8q58wxmks74430qk5d2l5rj5v-xfsprogs-6.19.0' from 'https://cache.nixos.org'...
copying path '/nix/store/rvclnyshdg1zv3jzc9g772a7qb4gyj8h-security-wrapper-sudo-aarch64-unknown-linux-musl' from 'https://cache.nixos.org'...
copying path '/nix/store/gv09k5ci7hiljpi4hnjhwz11inl4dr3y-security-wrapper-su-aarch64-unknown-linux-musl' from 'https://cache.nixos.org'...
copying path '/nix/store/2kdgb2ddgydyy136wj512gxhbingbz0c-security-wrapper-sudoedit-aarch64-unknown-linux-musl' from 'https://cache.nixos.org'...
copying path '/nix/store/60pm80yadrp0ris29fzwjkgdp6a1c63s-xxhash-0.8.3' from 'https://cache.nixos.org'...
copying path '/nix/store/303w5gv4xl60nf35yqa9pvxggd1q94wv-xz-5.8.4' from 'https://mirrors.ustc.edu.cn/nix-channels/store'...
copying path '/nix/store/bjq9854s9vgycrx5mnrv0xmhqvsn0mk2-xz-5.8.4-man' from 'https://mirrors.ustc.edu.cn/nix-channels/store'...
copying path '/nix/store/3i7gfrdz0i96lgb3pz791a8i6kpcm6d3-xz-5.8.4-bin' from 'https://mirrors.ustc.edu.cn/nix-channels/store'...
copying path '/nix/store/fxf040hqrd9h848nxxiq522jijjxwmlb-zd1211-firmware-1.5-zstd' from 'https://cache.nixos.org'...
copying path '/nix/store/0akz2a3lg0x33rsxgj2113hgvs520pyw-zfs-user-2.4.4-man' from 'https://cache.nixos.org'...
copying path '/nix/store/5h8dliynnzdwdwar8iy8gyn9hd7xhbz4-zip-3.0' from 'https://cache.nixos.org'...
copying path '/nix/store/ab58w1ymbiaazs8pfarhck5ca1mi1bg8-lvm2-2.03.39' from 'https://cache.nixos.org'...
copying path '/nix/store/s7mnqvr1ikjkqf0li81rsy3khjm8sl49-zlib-1.3.2' from 'https://mirrors.ustc.edu.cn/nix-channels/store'...
copying path '/nix/store/pwwpmwjdmk34smyfkf61ksyp7h5kdv45-zlib-1.3.2-static' from 'https://mirrors.ustc.edu.cn/nix-channels/store'...
copying path '/nix/store/6fhxdm9f25c7h86nadfy8qim4h9hq04d-zlib-ng-2.3.3' from 'https://mirrors.ustc.edu.cn/nix-channels/store'...
copying path '/nix/store/i8f26lwk8i93hmiyrmsy752m6nwi4pmk-zstd-1.5.7' from 'https://mirrors.ustc.edu.cn/nix-channels/store'...
copying path '/nix/store/9h8n7h5kayw8i7800jxjgm53q5jgdxpw-zstd-1.5.7-man' from 'https://cache.nixos.org'...
copying path '/nix/store/ngx2dy09ql7ckq4dzgyaxpm5vk6lisqg-btrfs-progs-6.19.1' from 'https://cache.nixos.org'...
copying path '/nix/store/q7rgjg2cfbqaz5634pipd3nbxvk89ddq-kmod-31' from 'https://mirrors.ustc.edu.cn/nix-channels/store'...
copying path '/nix/store/yz8x6i3ilzqf9ib1fn0zdnryci60wdnp-kmod-31-lib' from 'https://mirrors.ustc.edu.cn/nix-channels/store'...
copying path '/nix/store/01623a8kcyp04gbqsal6fys34yfigd02-zstd-1.5.7-bin' from 'https://mirrors.ustc.edu.cn/nix-channels/store'...
copying path '/nix/store/lkvkmbd77df52y34jfb9idxfw09f0zb3-binutils-2.46-lib' from 'https://mirrors.ustc.edu.cn/nix-channels/store'...
copying path '/nix/store/z70fgqls66l2d1iazgvwhy7zyhzq1zqi-boost-1.89.0' from 'https://mirrors.ustc.edu.cn/nix-channels/store'...
copying path '/nix/store/p0q641h86sy4d78biv3d7ac5qszk26va-cracklib-2.10.3' from 'https://mirrors.ustc.edu.cn/nix-channels/store'...
copying path '/nix/store/ax9y9b5l52im667dbjwyig9n2y4f6mm3-file-5.47' from 'https://mirrors.ustc.edu.cn/nix-channels/store'...
copying path '/nix/store/svszb7qxpr2c9gfwchj804cjhy4w87mx-file-5.47' from 'https://mirrors.ustc.edu.cn/nix-channels/store'...
copying path '/nix/store/wwdfqzlkqiahwaaxwnzkbffqfcy3wgav-gcc-15.3.0' from 'https://mirrors.ustc.edu.cn/nix-channels/store'...
copying path '/nix/store/l8gi64i6728rsyq0z8qkvfsicxaz7fhl-binutils-2.46' from 'https://mirrors.ustc.edu.cn/nix-channels/store'...
copying path '/nix/store/5l6l9g5yyfj4wic6n9qah02cn7qgv75p-kbd-2.9.0' from 'https://mirrors.ustc.edu.cn/nix-channels/store'...
copying path '/nix/store/m73lfppr33wdvf96hbgm8fhg7y26360i-kexec-tools-2.0.32' from 'https://mirrors.ustc.edu.cn/nix-channels/store'...
copying path '/nix/store/1ma0a81dia44qyadd82aizrzhi990zjc-kmod-31-dev' from 'https://cache.nixos.org'...
copying path '/nix/store/m3rc8vr0a6mwdm3i0pr7wfiynpm16dfi-libarchive-3.8.9-lib' from 'https://mirrors.ustc.edu.cn/nix-channels/store'...
copying path '/nix/store/jv8d619jqj07k0rqjpf00c84bjv5dg41-libpng-apng-1.6.58' from 'https://mirrors.ustc.edu.cn/nix-channels/store'...
copying path '/nix/store/d41s3fhsbs2z84k9cy014h54a6r0hrwx-libssh2-1.11.1' from 'https://mirrors.ustc.edu.cn/nix-channels/store'...
copying path '/nix/store/bmqijdjr4hpyw4zmnp6gq8i78fj93j0w-libpwquality-1.4.5-lib' from 'https://mirrors.ustc.edu.cn/nix-channels/store'...
copying path '/nix/store/zv22ghzjwhlwfryb7iykyn5qn2pp1amm-nano-9.2' from 'https://cache.nixos.org'...
copying path '/nix/store/wanywppmfbcg8z1g984q4yrzlp943hwc-ntfs3g-2026.7.7' from 'https://cache.nixos.org'...
copying path '/nix/store/q8rrc27rnxy87rsca89mihs1pshfls3m-openssh-10.5p1' from 'https://cache.nixos.org'...
copying path '/nix/store/x6mibcq8hkmnl7a8krbhf873gk3wj5yh-pciutils-3.15.0' from 'https://mirrors.ustc.edu.cn/nix-channels/store'...
copying path '/nix/store/sjns492pa6i84iwzxikxg9shdwz5kn16-perl-5.42.0' from 'https://mirrors.ustc.edu.cn/nix-channels/store'...
copying path '/nix/store/hjbwg6w1cjf1p04czn58qcqgbzcd4rbd-binutils-wrapper-2.46' from 'https://mirrors.ustc.edu.cn/nix-channels/store'...
copying path '/nix/store/wy1cw06fbxq8fzdh5zcfchfld8224n5k-freetype-2.14.3' from 'https://mirrors.ustc.edu.cn/nix-channels/store'...
copying path '/nix/store/r23ij65rw1damb061h09b5wvdxkkxp7w-e2fsprogs-1.47.4-bin' from 'https://cache.nixos.org'...
copying path '/nix/store/aq1vk1ja45f8cj6y8ywf4xyrlx3rj5kw-nix-util-2.34.8' from 'https://mirrors.ustc.edu.cn/nix-channels/store'...
copying path '/nix/store/dj86hb1ivsa2wp2kic39i6k64kzni2p5-curl-8.22.0' from 'https://mirrors.ustc.edu.cn/nix-channels/store'...
copying path '/nix/store/hd8nhm4jml5yz6c1b06931y49pvd0p5r-libgit2-1.9.7-lib' from 'https://mirrors.ustc.edu.cn/nix-channels/store'...
copying path '/nix/store/ls1s4r0zyf1wpsqcdzygw6k62anq66an-rsync-3.5.0' from 'https://cache.nixos.org'...
copying path '/nix/store/b12l94w0sqvwra4b4q1x44cx8zqap9fj-sqlite-3.51.2' from 'https://mirrors.ustc.edu.cn/nix-channels/store'...
copying path '/nix/store/awb01p1pwn6nxjymk2724swdnzg79m02-stdenv-linux' from 'https://mirrors.ustc.edu.cn/nix-channels/store'...
copying path '/nix/store/1f5frxh38kmz47a571svgmw4bsk2991p-systemd-minimal-260.4' from 'https://mirrors.ustc.edu.cn/nix-channels/store'...
copying path '/nix/store/cb7kc2ljkbmiklqc048l9l7pvqxjhqfa-util-linux-minimal-2.42.3-bin' from 'https://mirrors.ustc.edu.cn/nix-channels/store'...
copying path '/nix/store/6bq4j3qwwyijmaz3z72jpb92wbafvd9s-fontconfig-2.17.1-lib' from 'https://mirrors.ustc.edu.cn/nix-channels/store'...
copying path '/nix/store/0ddi678ms9cz3v4qfc90mn7cfhag26wc-perl5.42.0-DBI-1.648' from 'https://cache.nixos.org'...
copying path '/nix/store/dmj34ibvyfydnybaagh8rd6ppf52h18w-curl-8.22.0-bin' from 'https://mirrors.ustc.edu.cn/nix-channels/store'...
copying path '/nix/store/mk604a6bzbza04cyzfjmcph6y5r1k9fn-elfutils-0.194' from 'https://mirrors.ustc.edu.cn/nix-channels/store'...
copying path '/nix/store/8svhgc47jpy3j4zc4s08bwvfvf2yzqws-nix-nswrapper-2.34.8' from 'https://mirrors.ustc.edu.cn/nix-channels/store'...
building '/nix/store/n20mp24r97vqhq768xszs3jjsi39s6wp-builder.pl.drv'...
building '/nix/store/wgjacdim84xknzi7mc2w1n790nvbgig8-chfn.pam.drv'...
building '/nix/store/ja80f5nhhw2cgbbynjgybwasfyidyk86-chpasswd.pam.drv'...
building '/nix/store/pl4p9h58zi372zp8dgi6fpy9vrxrrh2y-chsh.pam.drv'...
building '/nix/store/sfp3nzyg15ivyh6f9fndbhwgf4qg3zxs-etc-bash_logout.drv'...
building '/nix/store/4y70xzl2nq88qmw5m1laz4wbaa983yiw-etc-environment.d-50-systemd-path.conf.drv'...
copying path '/nix/store/11allq3d9dv0d9zwgglsh5a76w7j5psg-perl5.42.0-String-ShellQuote-1.04' from 'https://cache.nixos.org'...
copying path '/nix/store/crwfcpvap6r9fg612mjn41i72ljffd7s-nix-store-2.34.8' from 'https://mirrors.ustc.edu.cn/nix-channels/store'...
copying path '/nix/store/7d6abpxi085qw1z34pc2b4rybnxh5rky-fuse-2.9.9-bin' from 'https://cache.nixos.org'...
copying path '/nix/store/0yvp96wygnl1667mc5f5fygxbbf5fj3s-dbus-1.16.2-lib' from 'https://mirrors.ustc.edu.cn/nix-channels/store'...
copying path '/nix/store/8nq104g5zn0f409a2az06v6ffixh795x-fuse-3.17.4' from 'https://cache.nixos.org'...
copying path '/nix/store/v3djfg49kc2yzpyv8m10na5pn0c5qc2g-man-db-2.13.1' from 'https://mirrors.ustc.edu.cn/nix-channels/store'...
copying path '/nix/store/22c8vp4m9w1wqlrvkfdkknb9kgsbmwa0-lvm2-2.03.39-scripts' from 'https://cache.nixos.org'...
copying path '/nix/store/8385ky6js7r655k905gmhkic7kp4lajb-fontconfig-2.17.1-bin' from 'https://mirrors.ustc.edu.cn/nix-channels/store'...
copying path '/nix/store/y7c1gwxzs2qc2pwissfkqrhz3wr5kmpa-libbpf-1.7.0' from 'https://mirrors.ustc.edu.cn/nix-channels/store'...
copying path '/nix/store/jvmhkkpymz7qbnhr545aacc6fxm1zc6h-nix-fetchers-2.34.8' from 'https://mirrors.ustc.edu.cn/nix-channels/store'...
building '/nix/store/89ib7dbkqf4p8fzhn4w16wq4bpw5hmvr-etc-fstab.drv'...
building '/nix/store/wg6nmkycgc0cpmp4z50568ycjjc1j8gm-etc-fuse.conf.drv'...
copying path '/nix/store/lczipiv370wlllzyhspsvrprlvddsz6z-dbus-1.16.2' from 'https://mirrors.ustc.edu.cn/nix-channels/store'...
copying path '/nix/store/gvdimdyhhhj5g0712l9k9wpcxlzb3iy4-nix-main-2.34.8' from 'https://mirrors.ustc.edu.cn/nix-channels/store'...
building '/nix/store/i2amzzp2j6m5km47g7ka4vdfa9yhb9m4-etc-gai.conf.drv'...
building '/nix/store/l5yvadw2kbr9sjq0k3wc32bmkjrklwdr-etc-host.conf.drv'...
building '/nix/store/rdbajpfg656h9d25fpy3y7m65rfhmraa-etc-hostname.drv'...
copying path '/nix/store/hfpjcx7l8jyh2fgjniw562yz3zvxxpw8-perl5.42.0-libwww-perl-6.72' from 'https://mirrors.ustc.edu.cn/nix-channels/store'...
copying path '/nix/store/q3gqj7fz77kz4rncrcfmc5501wcqizgk-iproute2-7.0.0' from 'https://mirrors.ustc.edu.cn/nix-channels/store'...
copying path '/nix/store/76jq0mngg7m8zv5yjz1qgg0xspzi8x2w-python3-3.13.15' from 'https://mirrors.ustc.edu.cn/nix-channels/store'...
copying path '/nix/store/1575pxv04l533amdhcx9ficxxsg2pd0k-python3.13-dbus-python-1.4.0' from 'https://cache.nixos.org'...
copying path '/nix/store/z9bpad6j8ll8mdd3sqbsjcd6djmdslb5-nix-expr-2.34.8' from 'https://mirrors.ustc.edu.cn/nix-channels/store'...
copying path '/nix/store/815c3902hyyq52xwwj89ah7dmd7ns6a9-strace-7.2' from 'https://cache.nixos.org'...
copying path '/nix/store/0qkpwqdb61rmcjpay77jcc84chjb3jjs-gcc-wrapper-15.3.0' from 'https://mirrors.ustc.edu.cn/nix-channels/store'...
copying path '/nix/store/zlqbjpsap7b2i44fw06982zfxfah4j7q-switch-to-configuration-0.1.0' from 'https://cache.nixos.org'...
copying path '/nix/store/mflkp2j6jcrgcqz451ni718iy5v0l85g-nix-flake-2.34.8' from 'https://mirrors.ustc.edu.cn/nix-channels/store'...
building '/nix/store/y1gvjrnwzlyyb70d1mb6iim7yr024imj-etc-lsb-release.drv'...
copying path '/nix/store/fgphdlzf4sm1ncm9nf5f1c7l8c6kbb9w-make-binary-wrapper-hook' from 'https://mirrors.ustc.edu.cn/nix-channels/store'...
building '/nix/store/n748974y0ida4k49jn1zc53rmhnlghdc-etc-modprobe.d-nixos.conf.drv'...
building '/nix/store/l3gysdm0ahzmm8lgmp8hiwk5nhqpv3f0-etc-nanorc.drv'...
building '/nix/store/9zc1ksp4kfkf6b4y60ch83pccknvwdij-etc-netgroup.drv'...
building '/nix/store/4gd6y37ga522hgq9sicpm84x44dzmqnw-etc-nix-registry.json.drv'...
copying path '/nix/store/6agc9y8ps7dsnqhdy1gq0rzsqar7qinr-nix-cmd-2.34.8' from 'https://mirrors.ustc.edu.cn/nix-channels/store'...
building '/nix/store/r7363l3pd9x91vk1d7wsfbnpr3r45l8k-etc-nscd.conf.drv'...
copying path '/nix/store/x8a5x16n6vi3vrxz3bxg37wrdsj44l9n-stdenv-linux' from 'https://mirrors.ustc.edu.cn/nix-channels/store'...
building '/nix/store/25mwhm68rzyi60wimhdi2x0vi3iyvhxd-etc-nsswitch.conf.drv'...
copying path '/nix/store/fi48vqj635j5f28xvijbngv1h432jrv2-nix-2.34.8' from 'https://mirrors.ustc.edu.cn/nix-channels/store'...
building '/nix/store/1ij96xwc3hiif5vpdpx7asl6yh59aj4l-console-env.drv'...
copying path '/nix/store/zajf2f4shc9b19jqp08xg0g48j6bfb0p-testdisk-7.2' from 'https://cache.nixos.org'...
copying path '/nix/store/fk7f6ndf15lwcxgd4r1jr4bzpjpf2ixa-git-2.54.0' from 'https://mirrors.ustc.edu.cn/nix-channels/store'...
copying path '/nix/store/6p1khdj84j835spqsslfmbp0pf3jfhng-talloc-2.4.4' from 'https://cache.nixos.org'...
building '/nix/store/f4jhr24ycvr5nq7drx377hky464cm24j-etc-os-release.drv'...
building '/nix/store/xdavjrfaj76isyvjyxr2qf9gc5m4d219-etc-pam-environment.drv'...
building '/nix/store/nwkqdjzw9ykf4g07vz9mp9kvq8n8khva-etc-resolvconf.conf.drv'...
copying path '/nix/store/kszpap1k3iyh9kl26k4c74k53125lafa-nix-2.34.8' from 'https://mirrors.ustc.edu.cn/nix-channels/store'...
copying path '/nix/store/9vamzdz6wb9arqz4jhdi1bys8m0dmjm5-tpm2-tss-4.2.0' from 'https://mirrors.ustc.edu.cn/nix-channels/store'...
copying path '/nix/store/zxc6svdvf2vzw3b2l5hmsabsn6915j5i-sshd.conf-final' from 'https://cache.nixos.org'...
copying path '/nix/store/n2jksdp26r3ydpibk1z3pkn7v7nijawz-nixos-option' from 'https://mirrors.ustc.edu.cn/nix-channels/store'...
building '/nix/store/28h0fiybw7sz706yzhardwgky92sjkj8-etc-shells.drv'...
copying path '/nix/store/5dwc2shvpxrs5yk2w1k2hnsq0x0f40lk-gnupg-2.4.9' from 'https://mirrors.ustc.edu.cn/nix-channels/store'...
building '/nix/store/mqihivlrysnylqbjp9xaggx9bln16rlj-etc-ssh-ssh_known_hosts.drv'...
copying path '/nix/store/1ga5fsba2p2134xgazz6xlghj4zgg4fv-nixos-rebuild-ng-26.05' from 'https://cache.nixos.org'...
building '/nix/store/7qdannwc7501597a1qsqk446zdyflm24-etc-systemd-coredump.conf.drv'...
copying path '/nix/store/n2rg1ny19fickr5ksdf2k2ah6sj2l42s-systemd-260.4' from 'https://mirrors.ustc.edu.cn/nix-channels/store'...
building '/nix/store/8rkhfq0al5kic526hzxr1pws6sm33qhr-etc-systemd-journald.conf.drv'...
building '/nix/store/q5cmv35ia7dcihvjdfgfq66crmh2jwk1-etc-systemd-logind.conf.drv'...
copying path '/nix/store/75vzn2y0vi08628svisph3x0wbrr8xl9-e2fsprogs-1.47.4-dev' from 'https://cache.nixos.org'...
copying path '/nix/store/vbj8zd206qm6g50xygfw68fqzf71fmfa-systemd-260.4' from 'https://cache.nixos.org'...
building '/nix/store/72xjfnkqa30qvyx6ddmmvslq7jccfy7y-X-Restart-Triggers-resolvconf.drv'...
building '/nix/store/6imgiyhsws60jadxk1p92187kgkw6vmn-etc-systemd-oomd.conf.drv'...
building '/nix/store/2rq05xb2mw5jaiw3qss8lyh02pxmsj0n-etc-systemd-sleep.conf.drv'...
building '/nix/store/7vy8ha7qb7kh2xwrx1wgjbspwhr5qwq4-etc-systemd-system-preset-00-nixos.preset.drv'...
building '/nix/store/8i9lf52kifr5hzp8idld27xk2j4grlcw-etc-systemd-timesyncd.conf.drv'...
copying path '/nix/store/rd8snxki4cbdrz7dhv6aw423pfx0a2g6-dbus-broker-37' from 'https://cache.nixos.org'...
copying path '/nix/store/r7q3z3zr1ql96ylcj2vl93b1fn4zkqf4-util-linux-2.42.3-lib' from 'https://mirrors.ustc.edu.cn/nix-channels/store'...
copying path '/nix/store/vq2rppdsixrwi92z1nfc00fgwf7dc3wc-w3m-0.5.6' from 'https://cache.nixos.org'...
copying path '/nix/store/jy8wqpil9b6dgzwkk87y6d5w0rr30qrm-security-wrapper-fusermount-aarch64-unknown-linux-musl' from 'https://cache.nixos.org'...
copying path '/nix/store/kgrz9f2bynwsqayizav7f91izlgmpnvk-fuse-3.17.4-bin' from 'https://cache.nixos.org'...
copying path '/nix/store/236y5l42lysf5xv67fzazvjmhjvfr55l-sshfs-fuse-3.7.6' from 'https://cache.nixos.org'...
building '/nix/store/sazql0mk0hkf745c4k2w0rmymrzm2i3p-X-Restart-Triggers-systemd-journald-.drv'...
copying path '/nix/store/4wmxzhdzlyw4zw4r2chrskp09hn008bv-perl5.42.0-DBD-SQLite-1.74' from 'https://cache.nixos.org'...
copying path '/nix/store/q1n0ykni9qkdrba3hcic40smkqa80ss3-bcache-tools-1.1' from 'https://cache.nixos.org'...
copying path '/nix/store/fk8pbrf25p24fblhdicm67ghsgmp565i-parted-3.7' from 'https://cache.nixos.org'...
copying path '/nix/store/q9kpfnrsr93p1rviinns9bdhfxa20k0p-python3-3.13.15-env' from 'https://cache.nixos.org'...
copying path '/nix/store/c6v7w0f4sfkddwj5af52qg0anwb8h62j-util-linux-2.42.3-lastlog' from 'https://mirrors.ustc.edu.cn/nix-channels/store'...
copying path '/nix/store/2bccm2671fwb80vqr4fl961ma16dh8rq-util-linux-2.42.3-login' from 'https://mirrors.ustc.edu.cn/nix-channels/store'...
copying path '/nix/store/7kmq5lw50ifvdzdcibl25gjscsxhhfxx-util-linux-2.42.3-swap' from 'https://mirrors.ustc.edu.cn/nix-channels/store'...
copying path '/nix/store/incs65hc01ydn8lkpvkhj221lbib987z-util-linux-2.42.3-mount' from 'https://mirrors.ustc.edu.cn/nix-channels/store'...
copying path '/nix/store/2870jqg5wsw4b9q759df0aaabvw10dn5-cifs-utils-7.5-bin' from 'https://cache.nixos.org'...
copying path '/nix/store/nfxvvnx2hl8xizpg3jc7ihzyc187ksjg-util-linux-2.42.3-bin' from 'https://mirrors.ustc.edu.cn/nix-channels/store'...
building '/nix/store/l6myp9kp0jkdafnyry9ffzwrydl7lgvz-X-Restart-Triggers-sshd.drv'...
building '/nix/store/biaz4wdj0ybqswm7nzs2apa87ynp803y-X-Restart-Triggers-systemd-journald.drv'...
copying path '/nix/store/q84m9cr4i8njmywk5n834mgqb7619f2d-mdadm-4.4' from 'https://cache.nixos.org'...
copying path '/nix/store/419k6g1cxwpdbyh8j97xngvcrf3xk0ri-nfs-utils-2.9.1' from 'https://cache.nixos.org'...
copying path '/nix/store/39s0bjyxgh9ddbs67s0g6pxz1rk5pnnx-security-wrapper-mount-aarch64-unknown-linux-musl' from 'https://cache.nixos.org'...
building '/nix/store/b5wgz0bxx8x7g65vszpl0ciwvvram80b-etc-lvm-lvm.conf.drv'...
building '/nix/store/ldvakkn1cmp1sdy5n2j608iskqf89q30-etc-systemd-user-preset-00-nixos.preset.drv'...
copying path '/nix/store/m3bcdz4fdg1wzs97v0ifi1y8r5dhg344-security-wrapper-umount-aarch64-unknown-linux-musl' from 'https://cache.nixos.org'...
building '/nix/store/8a314zg08zq97ii7m33ciwn01v0hrm5d-etc-systemd-user.conf.drv'...
building '/nix/store/sckn046593n0yjs6bry8hvn22a272dzr-X-Restart-Triggers-systemd-timesyncd.drv'...
building '/nix/store/y0mb65g5qmvrhy1y4l33i161bk482bcb-extlinux-conf-builder.sh.drv'...
building '/nix/store/bmp5adi2p9s5hb30m7ai6a41dajzxdm2-extra-hosts.drv'...
copying path '/nix/store/mlkbg8r5qqjdrngpvlp4kdqibv7r5zcp-util-linux-2.42.3-dev' from 'https://cache.nixos.org'...
copying path '/nix/store/i008nfqkh3jrp2n1dxylsj76y7251m9h-zfs-kernel-2.4.4-6.18.53' from 'https://cache.nixos.org'...
building '/nix/store/q13k3nf11cp3bmnm7dy6bbp6ran58203-extra-hwdb-file.drv'...
copying path '/nix/store/gvmjb88y3xfcgbnhwx2zz56v7vpqb5ck-security-wrapper-fusermount3-aarch64-unknown-linux-musl' from 'https://cache.nixos.org'...
building '/nix/store/dxv6499wsx4wsjilkbw0dz31x96ciav7-extra-udev-rules.drv'...
building '/nix/store/pqcl0w1mn4ysxpkabmd7ipicv78cai9y-firewall-start.drv'...
copying path '/nix/store/8zjb386sjnjqhbxspaaa7zdfanp4qxwj-xfsprogs-6.19.0-bin' from 'https://cache.nixos.org'...
building '/nix/store/d2rckc4xb58g6kqb8z5z1fzdja206p50-firewall-stop.drv'...
copying path '/nix/store/pm2hpfva28gpjg00s3z0p8vw8yq2idhs-zfs-user-2.4.4' from 'https://cache.nixos.org'...
copying path '/nix/store/lllcy5gcmj5mdk4w8rdjc9v84ixl4mss-initrd-udev-rules' from 'https://cache.nixos.org'...
copying path '/nix/store/cqsndvmjva76vhq2zp50cd8zlls3x3qm-systemd-default-tmpfiles' from 'https://cache.nixos.org'...
building '/nix/store/spqlmiwlz63wdj6a03h3jyi0pqyvf31c-dbus-1.drv'...
building '/nix/store/cnvzd2n87y6kpby7p7kg4531784x8zfm-etc-ssh-ssh_config.drv'...
building '/nix/store/ys7skcxvqj5fscbf0g65f7kl6h4vakl9-etc-sysctl.d-60-nixos.conf.drv'...
building '/nix/store/xyrvzrf61d42jkdb0x1c94rmc1v7ncx3-firmware.drv'...
building '/nix/store/81cxx8dgaph6q6v2mc9vg9pcpl9izanj-fontconfig-etc.drv'...
copying path '/nix/store/a2zkiaya4d4vzr8p6v59ddxi8nam614l-systemd-generator-environment.json' from 'https://cache.nixos.org'...
building '/nix/store/q957jdjjym7vh3ha18vqpplqc01nhl5s-etc-systemd-system.conf.drv'...
building '/nix/store/5jjjx78q20jisl9vh97v5ql1q54ym2sp-etc-zfs-zed.d-zed.rc.drv'...
building '/nix/store/kxsavsx34mvzym8c3bvm6h9ci33d2yxl-X-Restart-Triggers-systemd-sysctl.drv'...
building '/nix/store/9j9hi4f6fc9y26sjf7g2ay14fbwdwxmd-firewall-reload.drv'...
building '/nix/store/kfv5lpmyl4mg24arybfwa1yjaqclypwf-getty.drv'...
building '/nix/store/04havnianaq6k2zf08cv4i7y45fr1hl0-groupadd.pam.drv'...
building '/nix/store/2zs2nirvk25k8kdh4gmqhnbv9987phpy-groupdel.pam.drv'...
building '/nix/store/is0j0fm1mjk5n237kd5z10vjz9dx5zv9-groupmems.pam.drv'...
building '/nix/store/rrj48504q2w7csfbpfa8i58yqkazf0ck-groupmod.pam.drv'...
building '/nix/store/a9cbp2qjj1qwij0xblzqgkj19hl7k6dh-etc-modprobe.d-firmware.conf.drv'...
building '/nix/store/a4r4d2xbvkkb2yw7dk8dg9n0jh99cf8v-initrd-bin-env.drv'...
building '/nix/store/p5kdashlwj6z6bfdpgsy10hs63f0nha2-initrd-fstab.drv'...
building '/nix/store/knlzbqq8yi5s9893bcqbqdmkd0fix7ih-initrd-group.drv'...
building '/nix/store/014ag706aq2y5d6fs39274nsfznvrlg2-getty.drv'...
building '/nix/store/gi4d5psfm9svfwga35z98s7rqrpg40bh-initrd-hostname.drv'...
building '/nix/store/1i6diswhhbd25sd39bnnilzda3v8qgp8-initrd-nixos.conf.drv'...
building '/nix/store/a8cajj7gns3y2jzhc9l11ifmx0mxnnhy-initrd-nixos.conf.drv'...
building '/nix/store/jxv5qg50zflxfz2ydsgam3k81hqdfk4c-initrd-passwd.drv'...
building '/nix/store/w4ss1jlj4wwf5gxbjjzz0684zpk3cws6-initrd-release.drv'...
building '/nix/store/3m2wkijj13k45iaxmlr58w40bj5cwd7x-initrd-shadow.drv'...
building '/nix/store/kzfi5gds5873z1f1bjxvcmk3s46a0l5n-initrd-shells.drv'...
building '/nix/store/mp7zr9w8xs05rccp0liyjiibk7ryc4kw-initrd-system.conf.drv'...
building '/nix/store/c83p870q0645h7450an1zs7dg2gwvrwa-initrd-udev-rules.drv'...
building '/nix/store/pb3fpsdi85c2zc4l23yf30nnj6id4ij6-initrd-unit-env.drv'...
building '/nix/store/2nm4f9l0y07dk8rbf57smnqnkjn1arpy-install-extlinux-conf.sh.drv'...
building '/nix/store/ka8afzgmbmhqsk3mvkyd9kibkjm1rb8x-ipv6-privacy-extensions.rules.drv'...
building '/nix/store/mmaqr9h9ksm3wb3h3fghyv96yvr65j1h-ipv6-privacy-extensions.rules.drv'...
building '/nix/store/0g2qv0rgh6mkvx71pdyx5icbs86f8s71-issue.drv'...
building '/nix/store/dkcinwfgwahbaypf77lf25g40fp6ayxc-lessconfig.drv'...
building '/nix/store/5hymc33xrwiwm3fjh9l47lxz9p7r4nq6-initrd-udev-rules.drv'...
building '/nix/store/mh6dvmkbipn6g3hvrs6gz5gzw0vysyc1-linux-6.18.53-modules.drv'...
building '/nix/store/r5pkx18bb6zlh4ajhdynvl9prji7w4si-local-cmds.drv'...
building '/nix/store/qkfrryja5axzxzixv954kfyrr8yn1ibb-hwdb.bin.drv'...
building '/nix/store/ija59jhlwk9ixvrhzm7qi5zl8dq67gxs-locale.conf.drv'...
building '/nix/store/pr4rdbrnjmr5gkplr0i4lmyspqj5rpzf-localhost-hosts.drv'...
building '/nix/store/h39qalv7vscrv4y57wnjsdgr52g1jnk8-login.defs.drv'...
building '/nix/store/3i1ikvmixdz91bvvaikzj22n54i793g8-login.pam.drv'...
building '/nix/store/jiiv72bixxrdgk5hga7dnzsihafk9pd4-logrotate.conf.drv'...
building '/nix/store/nyvsrdyih77j4m59aw5nnq3n508azip7-mounts.sh.drv'...
building '/nix/store/403sbiagicvq9z1g91a146mwfr63q5fb-nix.conf.drv'...
building '/nix/store/xw77km33z0fnsi5mdzlnial2p71i7f9d-nixos-authorized_keys.drv'...
building '/nix/store/ka4klqjd8f56g4mxj4w96mqrpm76h6q4-nixos-build-vms.drv'...
building '/nix/store/xcmgf8p80wwpdsjw47ba0cpzqh9mwiy6-nixos-enter.drv'...
building '/nix/store/ckqsmgbfbw9myqi86fjl1f8agkflirli-nixos-tmpfiles.d.drv'...
building '/nix/store/pbpy6vd11klxp1m4pz2fwasfg591zhr9-X-Restart-Triggers-nix-daemon.drv'...
building '/nix/store/31vfm04inanmlkhjw9vhrjjhkylr6isp-nixos-version.drv'...
building '/nix/store/qidbbwgqmlk2r7n43y2w3pgdnh6y1sq5-nixos.conf.drv'...
building '/nix/store/n75ccibxl5nqsqnicyaw9z4wiqzkx7d9-nuke-refs.drv'...
building '/nix/store/ari8y7b77j8rg06m7lbfk5wr18y0ci59-other.pam.drv'...
building '/nix/store/byywf2hxc6wl7qliz9rxdgyzdrp1gwq0-X-Restart-Triggers-systemd-modules-load.drv'...
building '/nix/store/30qmag8akklixvp0cw2ziabj4pjkj90b-nixos-install.drv'...
building '/nix/store/7kv4vx4xdb3l0zh1vh5qmz8nr9rqm2xi-passwd.pam.drv'...
building '/nix/store/4bai3rr9m7b5mhcsvhaspcz8mj5qzw1q-perl-5.42.0-env.drv'...
building '/nix/store/jg18x3zw0lywrfxbn5hf7v7mqgizs85j-perl-5.42.0-env.drv'...
building '/nix/store/n2p02gjiqfhl4sy08ay55klv7jbz845l-perl-5.42.0-env.drv'...
building '/nix/store/q740w4gslfziip2rkxjgawavnjwvx29z-perl-5.42.0-env.drv'...
building '/nix/store/vk12xsvnvri7dm869byy198v8w7v3njr-perl-5.42.0-env.drv'...
building '/nix/store/wwl81g7rg9yk58yk6a1cn7b2yl8bwxvw-root-authorized_keys.drv'...
building '/nix/store/i2rrlkras71awvbj4bqdb3a9amw95vcz-linux-6.18.53-modules-shrunk.drv'...
building '/nix/store/gg511w79n4fdd8pg0g32wr3176wyb3ik-runuser-l.pam.drv'...
building '/nix/store/4x63pim6z2kbnvg9f4chlymr1ry48s2d-nixos-generate-config.drv'...
building '/nix/store/ifg131vfgri4szgxdvmamzg6ci1y2c2i-runuser.pam.drv'...
building '/nix/store/k490zamz7jmn6pk592znpdxzx3xm1f6j-set-environment.drv'...
building '/nix/store/yb26vd6ncqgw44myzi5cyx563ywi5qb5-ssh-root-provision.conf.drv'...
building '/nix/store/a2xji97dx41slc4r8nbrbj3bpn5r580f-sshd.pam.drv'...
building '/nix/store/2a4r6j6nnn0rmsj93vq09n2jxmxv8bna-etc-profile.drv'...
building '/nix/store/9fbpazqp9hra8zg6dcgs1m9i6734zmc1-stage-2-init.sh.drv'...
building '/nix/store/rcbl5dzx2zj7ycr6h6mirdlpqbn5cv5d-string-hosts.drv'...
building '/nix/store/fb50gnicazv3f6533s3n4pw3q5p99w39-su.pam.drv'...
building '/nix/store/b9cn3jsmvihy36yqrjjyj9cy2zv61hj0-sudo.pam.drv'...
building '/nix/store/49dbspplysj8gfyj2y79ljbkddbani47-hosts.drv'...
building '/nix/store/hyd7srksfpd90jsz9gspwl2sk0my79q6-system-generators.drv'...
building '/nix/store/j9zsndbc8hjyvi3h0bvpng7qmpkjkb4z-system-shutdown.drv'...
building '/nix/store/n0ipp6q4bh2dc3gnlwgn61sfh67fbzwm-systemd-user.pam.drv'...
building '/nix/store/a9h8ryymcrab4d4xvy3zf0q59xkhfxb4-systemd.drv'...
building '/nix/store/480is2c5g48fcq1vnkh53qr4f7ikjd9v-tmpfiles.d.drv'...
building '/nix/store/4c648gh0dbpc6jr5a73sd51sp38c20s2-udev-path.drv'...
building '/nix/store/1sj01w8d3099snwm7rllq0n700m0lvks-unit--.slice.drv'...
building '/nix/store/ahxny6wzjh1pif7qyklpq3g6zxpnd7kh-50-coredump.conf.drv'...
building '/nix/store/cvz996fdnmzg6amglna69k3gasnk575j-unit-40-br-lan.link.drv'...
building '/nix/store/1rm71gc34i4sjdrkj2yim44z9drkgfyx-unit-40-eth0.link.drv'...
building '/nix/store/x16asjp7jimv4d2flna6dbv1455kn1q3-unit-40-eth1.link.drv'...
building '/nix/store/5ilicchf3ww5n1cpiw1630zz0zf34n21-X-Restart-Triggers-systemd-tmpfiles-resetup.drv'...
building '/nix/store/qqs8dvl23j9c9rf1bkf5ph3nfmhiq6ky-udev-rules.drv'...
building '/nix/store/vrgdmzr4f5jws1k038gzkzpk7nzs036c-unit-console-getty.service-disabled.drv'...
building '/nix/store/k2601ss68bidm42blz8lnfmy3hy35gx6-unit-container-getty-.service.drv'...
building '/nix/store/2n13d5z9c70gwcr69c878lca1qczgaz8-unit-dbus.service.drv'...
building '/nix/store/xlhrxhscisvq4lbga2xvg3cgq1jm4d4z-unit-dbus.service.drv'...
building '/nix/store/3j22p88632579ckmw47a7jrcpsnq5v3b-unit-dbus.socket.drv'...
building '/nix/store/4hx50zc9hcrswh9gppy664jzwf5d875x-unit-dbus.socket.drv'...
building '/nix/store/fz3zlhbl0arq9xggkxkpxxkp62x7sw6g-unit-firewall.service.drv'...
building '/nix/store/jgsn4kyphpxdjaqdcic5da90396v6sa4-unit-fs.target.drv'...
building '/nix/store/mskl63may65axzhms39vdzh37j0xl0si-unit-fstrim.timer.drv'...
building '/nix/store/bgqczyxbd0wfm32avwipigswq7hc38dz-unit-getty-.service.drv'...
building '/nix/store/b3gxbwxd7yhp81zy88kkf2mf3l3wz6c3-unit-getty.target.drv'...
building '/nix/store/070hql0ra9hqlk6q0vbxh5rqf9af70xf-unit-initrd-parse-etc.service.drv'...
building '/nix/store/p3lvgd8a806jwk1yij26fcz6k83pqirk-unit-initrd-switch-root.service.drv'...
building '/nix/store/6kf6v67hf6d3zvbvch60vv8hmaijsy2c-unit-initrd.target.drv'...
building '/nix/store/5n08f8aa377pq7s1hqhqhakzm7amdi6k-unit-keys.target.drv'...
building '/nix/store/g5h4ljmfmpn8s051d7akypjsv5l3ldfp-unit-kmod-static-nodes.service.drv'...
building '/nix/store/xq4wgcx7r7zrhdaniarjp47hpbwbg62c-X-Restart-Triggers-systemd-udevd.drv'...
building '/nix/store/nknzfgb379z8lc35pj9qcx1vx617xkbb-unit-lastlog2-import.service.drv'...
building '/nix/store/8b6gqaw1w77pi4xv86yd777kxw5zfyd0-unit-local-fs.target.drv'...
building '/nix/store/ad3q8dcx47xm3mcwfcbcrqpax1x54n1g-unit-logrotate-checkconf.service.drv'...
building '/nix/store/nlzvpzybywgi53k1sfx85m47rxxbnvw6-unit-logrotate.service.drv'...
building '/nix/store/31xq5mbg2nsbapzcrnj5pv5kd0q1dqdd-unit-logrotate.timer.drv'...
building '/nix/store/8bz7yfc6bmbbzsv7rkh6vv2ajrmv3nv2-unit-modprobe-.service.drv'...
building '/nix/store/y6kc50sz1ca968f7q737a2y5k0n7xci4-unit-modprobe-.service.drv'...
building '/nix/store/h8373kwyj77vgc4y17vwinw58k07whc2-unit-multi-user.target.drv'...
building '/nix/store/ahmp7w2d71qawklabj0kzckpm5y9a5hs-unit-network.target.drv'...
building '/nix/store/v0a20kf77sapajign64gvqh8l7jq0jv1-unit-networking-scripted.target.drv'...
building '/nix/store/bvpm8ii09dbbrg7c0911mfay8g0pm2lm-unit-nix-daemon.service.drv'...
building '/nix/store/hc45y9j03fm0b5y4h20x7phihv8ix7c0-unit-nix-daemon.socket.drv'...
building '/nix/store/ywk62j8p93hr9bw1ydq9fraqwb1v2fp3-unit-nix-optimise.service.drv'...
building '/nix/store/2ghf6ald0j014y20bp7za64bqwgby3sh-unit-nixos-fake-graphical-session.target.drv'...
building '/nix/store/x6d7jkgd2ism2cs1b76karadfbm52dy9-command-not-found.drv'...
building '/nix/store/yydmgmzmvmg98sn0h9mp0j5bqgfkypgn-unit-nscd.service.drv'...
building '/nix/store/r3b00qra5kwan2rgzdlg02f7wayzxcjr-unit-panic-on-fail.service.drv'...
building '/nix/store/h1q7qx5qd466l1j6fdvkvmmbn3il5g6r-unit-remote-fs.target.drv'...
building '/nix/store/90yig14x94g6npci9x054mzilpkqw928-unit-run-initramfs.mount.drv'...
building '/nix/store/n7ys6bc9xg428sf2gfzck1mmpriarndi-unit-run-wrappers.mount.drv'...
building '/nix/store/p4qhpgvdi3k7cwyjnq3jls2i7341675b-unit-script-br-lan-netdev-post-stop.drv'...
building '/nix/store/yigil07nciln6ppdb2i2gb32bq5yqxxy-unit-script-br-lan-netdev-reload.drv'...
building '/nix/store/12w7p6dwraib6hgvp3ys1hhi7vjjnqzp-unit-script-br-lan-netdev-start.drv'...
building '/nix/store/cfzsmgy91crwl1dimzh732wjw8bkgckq-unit-script-expand-root-partition-start.drv'...
building '/nix/store/ix8gly5s6b499g1cbh42qmd88vjfa688-unit-script-initrd-find-nixos-closure-start.drv'...
building '/nix/store/hib8kp8d1hf6d62mx9087cdahfm7z181-unit-script-initrd-nixos-activation-start.drv'...
building '/nix/store/90f5fgc4cywqw3b4vfk4rzf0a49ccf08-unit-script-linger-users-start.drv'...
building '/nix/store/xav5kl37skpvbz39z56ch3ap69zr854c-unit-br-lan-netdev.service.drv'...
building '/nix/store/vz8nwmi1x9fyw55sq9svwa00hk8rz4xv-etc-bashrc.drv'...
building '/nix/store/byqd0ycxn85mqjd3123k2k0p9bakq3s4-system-path.drv'...
building '/nix/store/0xj2qfcbycr94vxh403pbfj4gqh2ib20-unit-expand-root-partition.service.drv'...
building '/nix/store/7jk452rscys43hwsai5hk5igxnqzvbn1-unit-initrd-find-nixos-closure.service.drv'...
building '/nix/store/l5f1j6gcg44wbd71gby0ipvcww7jfh3f-unit-initrd-nixos-activation.service.drv'...
building '/nix/store/sjhmddyaa0zwdbpqffr9z91dbckb3gja-unit-linger-users.service.drv'...
building '/nix/store/c3nmq64fwfpifn2bfh0bc5aps958ax4v-unit-script-network-addresses-br-lan-pre-stop.drv'...
building '/nix/store/r3281pnifrizcqydzmh399rp9m2yp04l-unit-script-network-addresses-br-lan-start.drv'...
building '/nix/store/x8bqf6wcrhcijsgqy4rya790z1g9f96z-unit-script-network-addresses-eth0-pre-stop.drv'...
building '/nix/store/zy4nmmy6wayyrkanm0ll4axn7ilmz8pb-unit-script-network-addresses-eth0-start.drv'...
building '/nix/store/if6js7wcz90ijiiiwr2m92n96q1ld5z4-unit-script-network-addresses-eth1-pre-stop.drv'...
building '/nix/store/rfmkhi16rdha5qm7r9981cwmcyd3aqwa-unit-script-network-addresses-eth1-start.drv'...
building '/nix/store/74rkw85zrh1cg3vggazdj7dlqk1x8slk-unit-network-addresses-br-lan.service.drv'...
building '/nix/store/f1xwq2vih73s0vpi2n8i65d8fayx4mpf-unit-script-network-local-commands-start.drv'...
building '/nix/store/hzjmzbpj6mzanlwgxdqwm8jddw2wdi0y-unit-network-addresses-eth0.service.drv'...
building '/nix/store/95rg4d894cc634f8p4fjsymf1w5s1xf3-unit-script-nix-gc-start.drv'...
building '/nix/store/257b6s07l6fvmi5d7xknwdcxbyppw2lm-unit-network-addresses-eth1.service.drv'...
building '/nix/store/pfrnhkmz8gbcqj23hsas7rjiy06qq40j-unit-script-nixos-activation-start.drv'...
building '/nix/store/b5kzicvpy49193nh5fnym7jzjs5f0s1l-unit-network-local-commands.service.drv'...
building '/nix/store/dyicckxglxlzdr3321yd2zxf6vf1grfw-unit-script-post-boot-pre-stop.drv'...
building '/nix/store/p1gmansy033jh3pd1pyf3hb8w28lbdkl-unit-nix-gc.service.drv'...
building '/nix/store/4bg8zlwcvsl05q601jqfwc8khw58rhhc-unit-script-post-boot-start.drv'...
building '/nix/store/8cnmliwqswfm4pi8g9ly4z81hvhfmnbp-unit-nixos-activation.service.drv'...
building '/nix/store/ss5syvzf8gqnxp1dwm3ann051bq7r296-unit-script-prepare-kexec-start.drv'...
building '/nix/store/1nzlq6vvz6js73qgk9syic0wmr09bnzc-unit-script-register-nix-paths-start.drv'...
building '/nix/store/05ivygx1zw0py2zmncjj6vh1kn1rwmc6-unit-script-resolvconf-start.drv'...
building '/nix/store/2nm21r45id6xx6qaxm7miy9jvzb1vrlh-unit-post-boot.service.drv'...
building '/nix/store/2di265smvn6fipd5zlh7ah03dvr3f0bj-unit-script-sleep-actions-pre-stop.drv'...
building '/nix/store/jwap45x8zpylxrmjsn8vciq8wwv9mis5-unit-prepare-kexec.service.drv'...
building '/nix/store/27d7nkxgp7sghppbv61pky0z806364hf-unit-register-nix-paths.service.drv'...
building '/nix/store/b1n64wgjzy5ka7pccbbz1asz27n10vc0-dbus-1.drv'...
building '/nix/store/j28z1bk7kq4hgz7va25i1c3fbn3g19kf-unit-resolvconf.service.drv'...
building '/nix/store/pjcxpjqfzjwvip21cwnkfrvc5ai2zlk0-unit-script-sleep-actions-start.drv'...
building '/nix/store/h77m0rl16zfl87skikfhs9xh18l01sa6-unit-script-sshd-keygen-start.drv'...
building '/nix/store/547dfzj22wbskyns5fvnhg34q8nbkc3s-unit-script-suid-sgid-wrappers-start.drv'...
building '/nix/store/bcz5l7qh0920p3ficf7nrzcmf2vyvm10-unit-serial-getty-.service.drv'...
building '/nix/store/lkd1v62lpsgyjnk4gmabqgcs3hkzs6p0-unit-sockets.target.drv'...
building '/nix/store/apf7v6xz0p8mm633hwg73x93grx3723l-unit-sleep-actions.service.drv'...
building '/nix/store/jyzl45i0q310z23kx43yc1g024arjbk6-unit-sshd-.service.drv'...
building '/nix/store/d94q05fvjm4xqbhjxil2iaqhrhvrmy67-X-Restart-Triggers-dbus-broker.drv'...
building '/nix/store/lpac2ig9vpsahslp9kr2691i4lbram14-unit-sshd-keygen.service.drv'...
building '/nix/store/vy9fw2pj4lcv3rfr2f222d18g205azph-unit-sshd-vsock-.service.drv'...
building '/nix/store/n3ann873v8z0lw13hc6xhd78fwxdyp1g-unit-sshd-vsock.socket.drv'...
building '/nix/store/640bz49xvb1hg5ccac92cldimpb8fsg1-unit-sshd.service.drv'...
building '/nix/store/a3k59yjjsfcpxbicxcj86nqn443b4kf3-unit-suid-sgid-wrappers.service.drv'...
building '/nix/store/klw5x4j2hg8v3cxshzv2adsvj32xm254-unit-sysinit-reactivation.target.drv'...
building '/nix/store/mw9r24c1das8j3s1dalf0r0ia7k4dz2d-unit-dbus-broker.service.drv'...
building '/nix/store/qyj80ln1mwl2nmgcad2jp6gzg633ky9z-unit-dbus-broker.service.drv'...
building '/nix/store/qby7hcl6vdf9gh29b98l13vfbw8r444c-unit-sysroot-run.mount.drv'...
building '/nix/store/0dhjr6y1llrzjsrzl5jbyk0fz46mpwm9-unit-system.slice.drv'...
building '/nix/store/q4l8fl2x7b1k3ifkjkccpamvnh7v3id2-unit-systemd-backlight-.service.drv'...
building '/nix/store/wissr7yipxsn2cfi3v6snvg35n8frk1d-unit-systemd-fsck-.service.drv'...
building '/nix/store/is2dcpq64bmx0sxsk9iyfa4bb8218l42-unit-systemd-hostnamed.service.drv'...
building '/nix/store/jbpz9zg92b3v6z49dnj2lw740j07rfhb-unit-systemd-importd.service.drv'...
building '/nix/store/lhh3rwcgfcgh22hn2d6k444zn6y7f1l6-unit-systemd-journal-flush.service.drv'...
building '/nix/store/ajrhlnq9a65z9x2xy38sfxq86n9xbpy4-unit-systemd-journald-.service.drv'...
building '/nix/store/50f3myawgipzzp7qj87y3q98pzx4pr07-unit-systemd-journald-audit.socket.drv'...
building '/nix/store/3g0d3xgm9k1rm6xnkxvgfz1ka4ksxd33-unit-systemd-journald.service.drv'...
building '/nix/store/yldjzl57pzbcg7lb0m59q4xgs8920dal-unit-systemd-localed.service.drv'...
building '/nix/store/zgfrx13pkp2vcd7p3hiz6crcs2vh5yck-unit-systemd-logind.service.drv'...
building '/nix/store/fhpmx2qlc7r7jzyhph7b5xfaqjvfa6bc-unit-systemd-makefs-.service.drv'...
building '/nix/store/l98waswnh9cmjxsivyq5xi5w0l3pihha-unit-systemd-mkswap-.service.drv'...
building '/nix/store/z2l0cm5yws8mz8l28z9r5cdc7g03kng6-unit-systemd-modules-load.service.drv'...
building '/nix/store/n2a1apccyxxl6lycd1ymx6qn94kqi1v1-unit-systemd-nspawn-.service.drv'...
building '/nix/store/wv9m9l33rfa6r6nvx8rqhcf80ibbj8rr-unit-systemd-oomd.service.drv'...
building '/nix/store/5nfzzzm00imxrxn5psyp6mpqrwh01158-unit-systemd-pstore.service.drv'...
building '/nix/store/1vc2xs6lcgcgv75axkdkbh3b2njn708z-unit-systemd-random-seed.service.drv'...
building '/nix/store/hx6zg1a2r8573qr4b1yrhsajla8l8bfk-unit-systemd-remount-fs.service.drv'...
building '/nix/store/2rml6lxsaaw9yf134l02jbm8n5wkvc6j-unit-systemd-sysctl.service.drv'...
building '/nix/store/qn1773d6gmqrz8x0sg89pbn83bapabg6-unit-systemd-timedated.service.drv'...
building '/nix/store/33389q4w8znxlabfylhbqjmzcayvcq5k-unit-systemd-timesyncd.service.drv'...
building '/nix/store/3mn6rrc60988m7rqj59nszi6lkx17lbr-unit-systemd-tmpfiles-clean.timer.drv'...
building '/nix/store/xcmpjvw8l7wxfgndflnjlhxsrc3knygx-unit-systemd-tmpfiles-resetup.service.drv'...
building '/nix/store/bi8v44f6b802006k6bj4kcykh1h3pxx7-unit-systemd-tmpfiles-setup-sysroot.service.drv'...
building '/nix/store/8vz1vjs6aszbqwwhmwc4r106812p8nkd-unit-systemd-tmpfiles-setup.service.drv'...
building '/nix/store/9gl73c9qqaiavkfr2zgnzr6qzsrkdxc8-unit-systemd-tmpfiles-setup.service.drv'...
building '/nix/store/33hqwpp9hjz59ddkxfk4lk10rymvhgz0-unit-systemd-udevd.service.drv'...
building '/nix/store/p58mqzmrd1pl1fc46vhf2gnnbia5mvpz-unit-systemd-update-utmp.service.drv'...
building '/nix/store/awg9rn2b1qviwc3l20kkhhg9kswp05qa-unit-systemd-user-sessions.service.drv'...
building '/nix/store/cavmw28vpgkx3wg9wcm5rrl4nqb881nb-unit-user-.service.drv'...
building '/nix/store/ja2g7khf5mpwvskckivly7q16n22vajc-unit-user-runtime-dir-.service.drv'...
building '/nix/store/gfpjv3plb57rwj9cn3c722lyhsl08njv-unit-user.slice.drv'...
building '/nix/store/k2wfxmgsdsnyl4d494r6963mxkhjbgsj-unit-xfs_scrub_all.service.drv'...
building '/nix/store/1w4x3xx9fqwf2qyc0sfqbqsrggjcg6dz-initrd-units.drv'...
building '/nix/store/k4xqnl15wpc86p517n8xbzy3xxx71nzz-unit-zfs-import.target.drv'...
building '/nix/store/wb67kn9qy40np9kdkw0qzq9i71gm950d-unit-zfs-mount.service.drv'...
building '/nix/store/3bfd4mxzjszc6sya7y8mrd2x6y9fm6fx-unit-zfs-share.service.drv'...
building '/nix/store/wm3lgc0c47hz15vrn7safjjh9wifraz8-unit-zfs-zed.service.drv'...
building '/nix/store/9y7wbmz2vjhpxvs5915p3jhilbqnlkb1-unit-zfs.target.drv'...
building '/nix/store/1rq1gh3vlq3ygfhc5fzh23bzvf994zim-unit-zpool-trim.service.drv'...
building '/nix/store/lwhcygzbgd7ipq4cgwxgyhlxc2mqz7xw-unit-zpool-trim.timer.drv'...
building '/nix/store/wb4f6ckip2k536xa6lasni4x5mjdxxhq-user-generators.drv'...
building '/nix/store/9vy8y536nsnzs667jbrnqmjn5v80p0vf-user-units.drv'...
building '/nix/store/hqinkgcwq6psv2a1wnm2zk6gkadlh9q7-useradd.drv'...
building '/nix/store/sr6j01099rflgg1bgrbgn2j9d98lwcaz-useradd.pam.drv'...
building '/nix/store/ahvrhaii762avj35jpnll8iq4dgjabpl-userdel.pam.drv'...
building '/nix/store/ln4kmcxglikr4g3pq74ly8x1ibky44x5-usermod.pam.drv'...
building '/nix/store/9401cfbfxclm2vjxa8dixhmr7mf8sjxp-users-groups.json.drv'...
building '/nix/store/8razw5k5bf3iwk4pb00yidsmq4adngp4-vconsole.conf.drv'...
building '/nix/store/zda24jwcgy7pxx0jafnmzacannbz4p0p-vlock.pam.drv'...
building '/nix/store/3lv7jza5rzxxqpp6s0j8nfngrmrk3fnp-zpool-sync-shutdown.drv'...
building '/nix/store/fk03iy24vk0wp31rqmgd9dhgvyhri3cb-dry-activate.drv'...
building '/nix/store/pv9xrplk9688b03if4bis2zn3z2blx20-X-Restart-Triggers-reload-systemd-vconsole-setup.drv'...
building '/nix/store/pimi7zq5lmi2fcqnb35jvm3l4ik0fhh4-shutdown-ramfs-contents.json.drv'...
building '/nix/store/m57xfv49skxbrpy39y75iv5n2064vn0k-unit-reload-systemd-vconsole-setup.service.drv'...
building '/nix/store/x0119dgy7dhija12z34vbvr2vmz188yx-unit-generate-shutdown-ramfs.service.drv'...
building '/nix/store/j05kbnkpg6qpy3x5x9id2pwdpzfggy24-system-units.drv'...
building '/nix/store/j00hrfp9mvknns7zi79hqf1mcnnm08sd-initrd-linux-6.18.53.drv'...
building '/nix/store/lz1jj7mi0ch67y18gkjc2chi7pwk05lw-boot.json.drv'...
building '/nix/store/5xkq31bay4hc93apcfpcp5yx3r59582w-etc.drv'...
building '/nix/store/983zy50ssih01r72w2mvz0cwp2kvm2mx-activate.drv'...
building '/nix/store/h1pvd0nlmrwq6zyqdgv25gsy21igivis-nixos-system-r4s-sd-card-26.05.10529.c508844df6c2.drv'...
building '/nix/store/lnlcq5040bc60d87mwary34h4lkysqm4-closure-info.drv'...
building '/nix/store/m0xr8n21l6n4m617jlqgx1hza3v1kvab-ext4-fs.img.drv'...
building '/nix/store/17xk1878wv99gs0lds0gydr5jm04k7g0-nixos-image-sd-card-26.05.10529.c508844df6c2-aarch64-linux.img.drv'...
